NOMBRE,PRESENTACION,LABORATORIO,BAJA,VIGENCIA,FECHA,PRECIO,DROGA,DROGAS25,DROGAS25EXT,POTENCIA,UPOTENCIA,UNIDADES,TIPOUNIDAD,FORMA,VARIEDAD_REV,VARIEDAD_COUNT,VARIEDAD_COD,VARIEDAD_DES,REMEDIAR,LABSEL,TIPO_DE_VENTA,IMPORTADO,TIPOAGRUPA,MARCAAGRUPA,D_MARCA_CONTROLADO,D_TAMANO,D_PAMI,C_PAMI,C_LABORATORIO,C_BARRA,C_TAMANO,C_ACCION,C_DROGA,C_FORMA,C_UPOTENCI,C_TIPOUNID,C_VIA,SNOMED,GTIN1,TROQUEL,ACCION,VIA,CLAVE,PRECIOPAMI,categoria_busqueda,query
AVANCEL,comp.rec.x 21,PharmaDorf,0,1,04/05/2026,24065,ciproterona+etinilestradiol,,,,mg,21,unidades,Comprimidos/Pastillas/Tabletas/Grageas,,0, , ,,,Venta Bajo Receta,Nacional,No controlado, ,NO CONTROLADO,MENOR,Sin informacion (Sin descuento),0,00600,7798103390953,001,00326,00964,00054,undefined,00005,00002,376721000221106,07798103390953,5478681,Hormonoterapia,oral,38260,0,estradiol_comprimidos,estradiol
ZINNIA,comp.rec.x 21,Laboratorios Bernabó,0,1,28/04/2026,25838,ciproterona+etinilestradiol,,,,mg,21,unidades,Comprimidos/Pastillas/Tabletas/Grageas,,0, , ,,,Venta Bajo Receta,Nacional,No controlado, ,NO CONTROLADO,MENOR,Sin informacion (Sin descuento),0,00157,7792175008938,001,00036,00964,00054,undefined,00005,00002,153211000221105,07792175008938,5780551,Anticonceptivo,oral,43482,0,estradiol_comprimidos,estradiol
MILEVA 35,comp.rec.x 21,Elea,0,1,16/04/2026,25892,ciproterona+etinilestradiol,,,,mg,21,unidades,Comprimidos/Pastillas/Tabletas/Grageas,,0, , ,,,Venta Bajo Receta,Importado,No controlado, ,NO CONTROLADO,MENOR,Sin informacion (Sin descuento),0,00498,7796285050863,001,00326,00964,00054,undefined,00005,00002,134421000221104,07796285050863,5146091,Hormonoterapia,oral,33018,0,estradiol_comprimidos,estradiol
DIANE 35,blist.grag.x 21,Bayer (PH),0,1,05/05/2026,27560,ciproterona+etinilestradiol,,,,mg,21,unidades,Comprimidos/Pastillas/Tabletas/Grageas,,0, , ,,,Venta Bajo Receta,Nacional,No controlado, ,NO CONTROLADO,MENOR,Sin informacion (Sin descuento),0,00214,7795320010510,001,00326,00964,00054,undefined,00005,00002,124291000221104,07795320010510,3036601,Hormonoterapia,oral,661,0,estradiol_comprimidos,estradiol
MARVELON,comp.x 21,Organon Arg.,0,1,04/05/2026,42437,desogestrel+etinilestradiol,,,,mcg,21,unidades,Comprimidos/Pastillas/Tabletas/Grageas,,0, , ,,,Venta Bajo Receta,Nacional,No controlado, ,NO CONTROLADO,MENOR,50% de descuento,2,00172,7795318000295,001,00036,02826,00054,undefined,00005,00002,169361000221106,07798376720303,2817251,Anticonceptivo,oral,6191,23387,estradiol_comprimidos,estradiol
MERCILON,comp.x 21,Organon Arg.,0,1,04/05/2026,42437,desogestrel+etinilestradiol,,,,mcg,21,unidades,Comprimidos/Pastillas/Tabletas/Grageas,,0, , ,,,Venta Bajo Receta,Nacional,No controlado, ,NO CONTROLADO,MENOR,50% de descuento,2,00172,7795318001049,001,00036,02826,00054,undefined,00005,00002,98761000221108,07798376720310,3929281,Anticonceptivo,oral,15883,23387,estradiol_comprimidos,estradiol
FLORENCE,comp.rec.x 21,Elea,0,1,16/04/2026,63141,dienogest+etinilestradiol,,,,mg,21,unidades,Comprimidos/Pastillas/Tabletas/Grageas,,0, , ,,,Venta Bajo Receta,Importado,No controlado, ,NO CONTROLADO,MENOR,Sin informacion (Sin descuento),0,00498,7796285053307,001,00036,10505,00054,undefined,00005,00002,115701000221107,07796285053307,5171411,Anticonceptivo,oral,41199,0,estradiol_comprimidos,estradiol
DIENOPIL 28,comp.rec.x 28,PharmaDorf,0,1,04/05/2026,61376,dienogest+etinilestradiol,,,,mg,28,unidades,Comprimidos/Pastillas/Tabletas/Grageas,,0, , ,,,Venta Bajo Receta,Nacional,No controlado, ,NO CONTROLADO,MENOR,Sin informacion (Sin descuento),0,00600,7798103391271,001,00036,10505,00054,undefined,00005,00002,464951000221105,07798103391271,5790712,Anticonceptivo,oral,61157,0,estradiol_comprimidos,estradiol
AZUCENA,comp.rec.x 28,Laboratorios Bernabó,0,1,28/04/2026,30992,dienogest+valerato de estradiol,,,,mg,28,unidades,Comprimidos/Pastillas/Tabletas/Grageas,,0, , ,,,Venta Bajo Receta,Nacional,No controlado, ,NO CONTROLADO,MENOR,50% de descuento,2,00157,7792175009331,001,00036,10788,00054,undefined,00005,00002,173171000221106,07792175009331,6145391,Anticonceptivo,oral,47828,22225,estradiol_comprimidos,estradiol
RUBI,comp.rec.x 28,Gador,0,1,29/04/2026,31692,dienogest+valerato de estradiol,,,,No Clasificada,28,unidades,Comprimidos/Pastillas/Tabletas/Grageas,,0, , ,,,Venta Bajo Receta,Nacional,No controlado, ,NO CONTROLADO,MENOR,50% de descuento,2,00103,7792183000498,001,00036,10788,00054,undefined,00005,00002,146521000221108,07792183000498,5961681,Anticonceptivo,oral,45493,22978,estradiol_comprimidos,estradiol
QLAIRA,comp.rec.x 28,Bayer (PH),0,1,05/05/2026,42039,dienogest+valerato de estradiol,,,,No Clasificada,28,unidades,Comprimidos/Pastillas/Tabletas/Grageas,,0, , ,,,Venta Bajo Receta,Importado,No controlado, ,NO CONTROLADO,MENOR,Sin informacion (Sin descuento),0,00214,7795320051247,001,00036,10788,00054,undefined,00005,00002,112851000221107,07795320051247,5987681,Anticonceptivo,oral,46221,0,estradiol_comprimidos,estradiol
ATRIMON,iny.a.x 1,MR Pharma,0,1,03/03/2026,16072,dihidroxiprogesterona+estradiol,,,,mg/ml,1,unidades de 1 ml,Ampollas/Frascos-Ampolla/Liofilizados/Soluc.Parent,,0, , ,,,Venta Bajo Receta,Nacional,No controlado, ,NO CONTROLADO,MENOR,Sin informacion (Sin descuento),0,00879,7795342001855,001,00403,03261,00003,undefined,00013,00003,261351000221105,07798173940126,454941,Anovulatorio,inyectable IM,1316,0,estradiol_comprimidos,estradiol
GADOFEM,env.calend.comp.rec.x 28,Gador,0,1,29/04/2026,28134,drospirenona+estradiol,,,,mg,28,unidades,Comprimidos/Pastillas/Tabletas/Grageas,,0, , ,,,Venta Bajo Receta,Nacional,No controlado, ,NO CONTROLADO,MENOR,50% de descuento,2,00103,7792183488685,001,00326,10319,00054,undefined,00005,00002,150251000221100,07792183488685,5559001,Hormonoterapia,oral,39042,16209,estradiol_comprimidos,estradiol
EQUIFEM,comp.rec.x 28,Elea,0,1,16/04/2026,31924,drospirenona+estradiol,,,,mg,28,unidades,Comprimidos/Pastillas/Tabletas/Grageas,,0, , ,,,Venta Bajo Receta,Importado,No controlado, ,NO CONTROLADO,MENOR,Sin informacion (Sin descuento),0,00498,7796285052218,001,00326,10319,00054,undefined,00005,00002,168081000221106,07796285052218,5393681,Hormonoterapia,oral,37020,0,estradiol_comprimidos,estradiol
UMMA,comp.rec.x 28,Biotenk,0,1,17/04/2026,27242,drospirenona+etinilestradiol,,,,mg,28,unidades,Comprimidos/Pastillas/Tabletas/Grageas,,0, , ,,,Venta Bajo Receta,Nacional,No controlado, ,NO CONTROLADO,MENOR,Sin informacion (Sin descuento),0,00320,7796363002692,001,00036,10184,00054,undefined,00005,00002,148031000221102,07796363002692,5559711,Anticonceptivo,oral,41534,0,estradiol_comprimidos,estradiol
MAXIMA,comp.rec.x 28,PharmaDorf,0,1,04/05/2026,29304,drospirenona+etinilestradiol,,,,mg,28,unidades,Comprimidos/Pastillas/Tabletas/Grageas,,0, , ,,,Venta Bajo Receta,Nacional,No controlado, ,NO CONTROLADO,MENOR,50% de descuento,2,00600,7798103390991,001,00036,10184,00054,undefined,00005,00002,231761000221102,07798103390991,5477132,Anticonceptivo,oral,38259,21128,estradiol_comprimidos,estradiol
DAMSEL,comp.rec.x 28,Gador,0,1,29/04/2026,29444,drospirenona+etinilestradiol,,,,mg,28,unidades,Comprimidos/Pastillas/Tabletas/Grageas,,0, , ,,,Venta Bajo Receta,Nacional,No controlado, ,NO CONTROLADO,MENOR,50% de descuento,2,00103,7792183488548,001,00036,10184,00054,undefined,00005,00002,94061000221104,07792183488548,5348842,Anticonceptivo,oral,36244,21312,estradiol_comprimidos,estradiol
KALA,comp.rec.x 28,Laboratorios Bernabó,0,1,28/04/2026,29886,drospirenona+etinilestradiol,,,,mg,28,unidades,Comprimidos/Pastillas/Tabletas/Grageas,,0, , ,,,Venta Bajo Receta,Nacional,No controlado, ,NO CONTROLADO,MENOR,50% de descuento,2,00157,7792175008273,001,00036,10184,00054,undefined,00005,00002,188281000221104,07792175008273,5469681,Anticonceptivo,oral,38236,20694,estradiol_comprimidos,estradiol
IFENIL,comp.rec.x 28 (21+7),Casasco,0,1,27/04/2026,30569,drospirenona+etinilestradiol,,,,mg,28,unidades,Comprimidos/Pastillas/Tabletas/Grageas,,0, , ,,,Venta Bajo Receta,Nacional,No controlado, ,NO CONTROLADO,MENOR,Sin informacion (Sin descuento),0,00045,7791909358820,001,00036,10184,00054,undefined,00005,00002,429481000221100,07791909358820,5794971,Anticonceptivo,oral,57653,0,estradiol_comprimidos,estradiol
KIRUM,comp.rec.x 28,Raffo,0,1,17/04/2026,30896,drospirenona+etinilestradiol,,,,mg,28,unidades,Comprimidos/Pastillas/Tabletas/Grageas,,0, , ,,,Venta Bajo Receta,Nacional,No controlado, ,NO CONTROLADO,MENOR,Sin informacion (Sin descuento),0,00192,7798084684409,001,00036,10184,00054,undefined,00005,00002,160011000221100,07798084684409,5446261,Anticonceptivo,oral,37353,0,estradiol_comprimidos,estradiol
UMMA MD,comp.rec.x 28,Biotenk,0,1,17/04/2026,30998,drospirenona+etinilestradiol,,,,mg,28,unidades,Comprimidos/Pastillas/Tabletas/Grageas,,0, , ,,,Venta Bajo Receta,Nacional,No controlado, ,NO CONTROLADO,MENOR,Sin informacion (Sin descuento),0,00320,7796363003736,001,00036,10184,00054,undefined,00005,00002,233621000221101,07796363003736,6480551,Anticonceptivo,oral,54493,0,estradiol_comprimidos,estradiol
ISIS,comp.rec.x 28,Siegfried,0,1,23/04/2026,31097,drospirenona+etinilestradiol,,,,mg,28,unidades,Comprimidos/Pastillas/Tabletas/Grageas,,0, , ,,,Venta Bajo Receta,Nacional,No controlado, ,NO CONTROLADO,MENOR,Sin informacion (Sin descuento),0,00903,7795380003583,001,00036,10184,00054,undefined,00005,00002,127671000221107,07798129415227,5238241,Anticonceptivo,oral,36346,0,estradiol_comprimidos,estradiol
DIVINA,comp.rec.x 28,Elea,0,1,16/04/2026,33118,drospirenona+etinilestradiol,,,,mg,28,unidades,Comprimidos/Pastillas/Tabletas/Grageas,,0, , ,,,Venta Bajo Receta,Importado,No controlado, ,NO CONTROLADO,MENOR,Sin informacion (Sin descuento),0,00498,7796285051426,001,00036,10184,00054,undefined,00005,00002,170951000221105,07796285051426,5261821,Anticonceptivo,oral,34619,0,estradiol_comprimidos,estradiol
JADE,comp.x 28,Craveri,0,1,17/04/2026,33523,drospirenona+etinilestradiol,,,,mg,28,unidades,Comprimidos/Pastillas/Tabletas/Grageas,,0, , ,,,Venta Bajo Receta,Nacional,No controlado, ,NO CONTROLADO,MENOR,Sin informacion (Sin descuento),0,00056,7792234000255,001,00403,10184,00054,undefined,00005,00002,100371000221105,07792234000255,5802841,Anovulatorio,oral,44499,0,estradiol_comprimidos,estradiol
IFENIL MD 24,comp.rec.x 28 (24+4),Casasco,0,1,27/04/2026,33685,drospirenona+etinilestradiol,,,,mg,28,unidades,Comprimidos/Pastillas/Tabletas/Grageas,,0, , ,,,Venta Bajo Receta,Nacional,No controlado, ,NO CONTROLADO,MENOR,Sin informacion (Sin descuento),0,00045,7791909358851,001,00036,10184,00054,undefined,00005,00002,460011000221101,07791909358851,5787972,Anticonceptivo,oral,60409,0,estradiol_comprimidos,estradiol
KALA MD 24,comp.rec.x 28,Laboratorios Bernabó,0,1,28/04/2026,33780,drospirenona+etinilestradiol,,,,mg,28,unidades,Comprimidos/Pastillas/Tabletas/Grageas,,0, , ,,,Venta Bajo Receta,Nacional,No controlado, ,NO CONTROLADO,MENOR,Sin informacion (Sin descuento),0,00157,7792175008815,001,00036,10184,00054,undefined,00005,00002,146001000221106,07792175008815,5618971,Anticonceptivo,oral,42472,0,estradiol_comprimidos,estradiol
MAXIMA MD,comp.rec.x 28,PharmaDorf,0,1,04/05/2026,34000,drospirenona+etinilestradiol,,,,mg,28,unidades,Comprimidos/Pastillas/Tabletas/Grageas,,0, , ,,,Venta Bajo Receta,Nacional,No controlado, ,NO CONTROLADO,MENOR,50% de descuento,2,00600,7798103391004,001,00403,10184,00054,undefined,00005,00002,151431000221102,07798103391004,5615261,Anovulatorio,oral,41146,23563,estradiol_comprimidos,estradiol
DAMSELLA,comp.rec.x 24 + plac.x 4,Gador,0,1,29/04/2026,34309,drospirenona+etinilestradiol,,,,mg,28,unidades,Comprimidos/Pastillas/Tabletas/Grageas,,0, , ,,,Venta Bajo Receta,Nacional,No controlado, ,NO CONTROLADO,MENOR,50% de descuento,2,00103,7792183488739,001,00036,10184,00054,undefined,00005,00002,181751000221106,07792183488739,5574261,Anticonceptivo,oral,39997,25926,estradiol_comprimidos,estradiol
ISIS MINI,comp.rec.x 28,Siegfried,0,1,23/04/2026,34660,drospirenona+etinilestradiol,,,,mg,28,unidades,Comprimidos/Pastillas/Tabletas/Grageas,,0, , ,,,Venta Bajo Receta,Nacional,No controlado, ,NO CONTROLADO,MENOR,Sin informacion (Sin descuento),0,00903,7795380002791,001,00036,10184,00054,undefined,00005,00002,155541000221107,07798129415272,5556971,Anticonceptivo,oral,39056,0,estradiol_comprimidos,estradiol
KALA MD,comp.rec.x 28,Laboratorios Bernabó,0,1,28/04/2026,34847,drospirenona+etinilestradiol,,,,mg,28,unidades,Comprimidos/Pastillas/Tabletas/Grageas,,0, , ,,,Venta Bajo Receta,Nacional,No controlado, ,NO CONTROLADO,MENOR,50% de descuento,2,00157,7792175008570,001,00036,10184,00054,undefined,00005,00002,192711000221104,07792175008570,5601421,Anticonceptivo,oral,39992,23456,estradiol_comprimidos,estradiol
KIR 28,comp.rec.x 28,Raffo,0,1,17/04/2026,35945,drospirenona+etinilestradiol,,,,mg,28,unidades,Comprimidos/Pastillas/Tabletas/Grageas,,0, , ,,,Venta Bajo Receta,Nacional,No controlado, ,NO CONTROLADO,MENOR,Sin informacion (Sin descuento),0,00192,7798084684942,001,00403,10184,00054,undefined,00005,00002,107731000221107,07798084684942,5664001,Anovulatorio,oral,43789,0,estradiol_comprimidos,estradiol
IFENIL MD,comp.rec.x 28 (21+7),Casasco,0,1,27/04/2026,36058,drospirenona+etinilestradiol,,,,mg,28,unidades,Comprimidos/Pastillas/Tabletas/Grageas,,0, , ,,,Venta Bajo Receta,Nacional,No controlado, ,NO CONTROLADO,MENOR,Sin informacion (Sin descuento),0,00045,7791909358837,001,00036,10184,00054,undefined,00005,00002,429451000221105,07791909358837,5787971,Anticonceptivo,oral,57654,0,estradiol_comprimidos,estradiol
MAXIMA MD 24,comp.rec.x 24 + plac.x 4,PharmaDorf,0,1,04/05/2026,36270,drospirenona+etinilestradiol,,,,mg,28,unidades,Comprimidos/Pastillas/Tabletas/Grageas,,0, , ,,,Venta Bajo Receta,Nacional,No controlado, ,NO CONTROLADO,MENOR,50% de descuento,2,00600,7798103391011,001,00403,10184,00054,undefined,00005,00002,151451000221106,07798103391011,5615262,Anovulatorio,oral,41147,25311,estradiol_comprimidos,estradiol
KIRUMELLE,comp.rec.x 28 (21+7),Raffo,0,1,17/04/2026,36273,drospirenona+etinilestradiol,,,,mg,28,unidades,Comprimidos/Pastillas/Tabletas/Grageas,,0, , ,,,Venta Bajo Receta,Nacional,No controlado, ,NO CONTROLADO,MENOR,Sin informacion (Sin descuento),0,00192,7798084683167,001,00036,10184,00054,undefined,00005,00002, ,7798084683167,5678132,Anticonceptivo,oral,52505,0,estradiol_comprimidos,estradiol
JADE MD,comp.x 28,Craveri,0,1,17/04/2026,37239,drospirenona+etinilestradiol,,,,mg,28,unidades,Comprimidos/Pastillas/Tabletas/Grageas,,0, , ,,,Venta Bajo Receta,Nacional,No controlado, ,NO CONTROLADO,MENOR,Sin informacion (Sin descuento),0,00056,7792234000262,001,00403,10184,00054,undefined,00005,00002,194301000221109,07792234000262,5802712,Anovulatorio,oral,44500,0,estradiol_comprimidos,estradiol
ISIS MINI 24,comp.rec.x 28,Siegfried,0,1,23/04/2026,37718,drospirenona+etinilestradiol,,,,mg,28,unidades,Comprimidos/Pastillas/Tabletas/Grageas,,0, , ,,,Venta Bajo Receta,Nacional,No controlado, ,NO CONTROLADO,MENOR,Sin informacion (Sin descuento),0,00903,7795380004412,001,00036,10184,00054,undefined,00005,00002,155821000221100,07798129415326,5556974,Anticonceptivo,oral,39617,0,estradiol_comprimidos,estradiol
DIVA,comp.rec.x 28,Elea,0,1,16/04/2026,38587,drospirenona+etinilestradiol,,,,mg,28,unidades,Comprimidos/Pastillas/Tabletas/Grageas,,0, , ,,,Venta Bajo Receta,Importado,No controlado, ,NO CONTROLADO,MENOR,Sin informacion (Sin descuento),0,00498,7796285052720,001,00036,10184,00054,undefined,00005,00002,183771000221103,07796285052720,5510711,Anticonceptivo,oral,38154,0,estradiol_comprimidos,estradiol
YASMIN,comp.rec.x 28,Bayer (PH),0,1,05/05/2026,39292,drospirenona+etinilestradiol,,,,mg,28,unidades,Comprimidos/Pastillas/Tabletas/Grageas,,0, , ,,,Venta Bajo Receta,Importado,No controlado, ,NO CONTROLADO,MENOR,Sin informacion (Sin descuento),0,00214,7795320050912,001,00036,10184,00054,undefined,00005,00002,169751000221105,07795320050912,4928011,Anticonceptivo,oral,31831,0,estradiol_comprimidos,estradiol
JADE MD 24,comp.x 28,Craveri,0,1,17/04/2026,40031,drospirenona+etinilestradiol,,,,mg,28,unidades,Comprimidos/Pastillas/Tabletas/Grageas,,0, , ,,,Venta Bajo Receta,Nacional,No controlado, ,NO CONTROLADO,MENOR,Sin informacion (Sin descuento),0,00056,7792234000316,001,00403,10184,00054,undefined,00005,00002,194321000221102,07792234000316,5802971,Anovulatorio,oral,44501,0,estradiol_comprimidos,estradiol
DIVA TOTAL,comp.rec.x 24 + plac.x 4,Elea,0,1,16/04/2026,40200,drospirenona+etinilestradiol,,,,mg,28,unidades,Comprimidos/Pastillas/Tabletas/Grageas,,0, , ,,,Venta Bajo Receta,Importado,No controlado, ,NO CONTROLADO,MENOR,Sin informacion (Sin descuento),0,00498,7796285053017,001,00036,10184,00054,undefined,00005,00002,170971000221103,07796285053017,5510712,Anticonceptivo,oral,39350,0,estradiol_comprimidos,estradiol
YASMINELLE,comp.rec.x 28,Bayer (PH),0,1,07/04/2026,44560,drospirenona+etinilestradiol,,,,mg,28,unidades,Comprimidos/Pastillas/Tabletas/Grageas,,0, , ,,,Venta Bajo Receta,Importado,No controlado, ,NO CONTROLADO,MENOR,Sin informacion (Sin descuento),0,00214,7795320000504,001,00036,10184,00054,undefined,00005,00002,169731000221101,07795320000504,5499682,Anticonceptivo,oral,50457,0,estradiol_comprimidos,estradiol
ISIS,comp.rec.x 56 env.doble,Siegfried,0,1,23/04/2026,52200,drospirenona+etinilestradiol,,,,mg,56,unidades,Comprimidos/Pastillas/Tabletas/Grageas,,0, , ,,,Venta Bajo Receta,Nacional,No controlado, ,NO CONTROLADO,SIGUIENTE,Sin informacion (Sin descuento),0,00903,7795380003644,002,00036,10184,00054,undefined,00005,00002,126981000221103,07798129415234,5238242,Anticonceptivo,oral,37229,0,estradiol_comprimidos,estradiol
ISIS MINI,comp.rec.x 56 env.doble,Siegfried,0,1,23/04/2026,58959,drospirenona+etinilestradiol,,,,mg,56,unidades,Comprimidos/Pastillas/Tabletas/Grageas,,0, , ,,,Venta Bajo Receta,Nacional,No controlado, ,NO CONTROLADO,SIGUIENTE,Sin informacion (Sin descuento),0,00903,7795380004191,002,00036,10184,00054,undefined,00005,00002,155791000221106,07798129415289,5556972,Anticonceptivo,oral,39057,0,estradiol_comprimidos,estradiol
DIVA,comp.rec.x 56,Elea,0,1,16/04/2026,59457,drospirenona+etinilestradiol,,,,mg,56,unidades,Comprimidos/Pastillas/Tabletas/Grageas,,0, , ,,,Venta Bajo Receta,Importado,No controlado, ,NO CONTROLADO,GRANDE (DE 2 PRES.),Sin informacion (Sin descuento),0,00498,7796285276577,003,00036,10184,00054,undefined,00005,00002,181421000221107,07796285276577,5510714,Anticonceptivo,oral,50845,0,estradiol_comprimidos,estradiol
ISIS MINI 24,comp.rec.x 56 env.doble,Siegfried,0,1,23/04/2026,61904,drospirenona+etinilestradiol,,,,mg,56,unidades,Comprimidos/Pastillas/Tabletas/Grageas,,0, , ,,,Venta Bajo Receta,Nacional,No controlado, ,NO CONTROLADO,SIGUIENTE,Sin informacion (Sin descuento),0,00903,7795380004474,002,00036,10184,00054,undefined,00005,00002,155831000221102,07798129415333,5556975,Anticonceptivo,oral,41876,0,estradiol_comprimidos,estradiol
DIVA TOTAL,comp.rec.x 56,Elea,0,1,16/04/2026,63183,drospirenona+etinilestradiol,,,,mg,56,unidades,Comprimidos/Pastillas/Tabletas/Grageas,,0, , ,,,Venta Bajo Receta,Importado,No controlado, ,NO CONTROLADO,GRANDE (DE 2 PRES.),Sin informacion (Sin descuento),0,00498,7796285276584,003,00036,10184,00054,undefined,00005,00002,181761000221108,07796285276584,5510715,Anticonceptivo,oral,50847,0,estradiol_comprimidos,estradiol
ISIS,comp.rec.x 84,Siegfried,0,1,23/04/2026,67473,drospirenona+etinilestradiol,,,,mg,84,unidades,Comprimidos/Pastillas/Tabletas/Grageas,,0, , ,,,Venta Bajo Receta,Nacional,No controlado, ,NO CONTROLADO,GRANDE (DE + DE 2 PRES.),Sin informacion (Sin descuento),0,00903,7795380001367,005,00036,10184,00054,undefined,00005,00002,126991000221100,07798129415241,5238243,Anticonceptivo,oral,48374,0,estradiol_comprimidos,estradiol
ISIS MINI,comp.rec.x 84,Siegfried,0,1,23/04/2026,77315,drospirenona+etinilestradiol,,,,mg,84,unidades,Comprimidos/Pastillas/Tabletas/Grageas,,0, , ,,,Venta Bajo Receta,Nacional,No controlado, ,NO CONTROLADO,GRANDE (DE + DE 2 PRES.),Sin informacion (Sin descuento),0,00903,7795380001381,005,00036,10184,00054,undefined,00005,00002,155801000221107,07798129415296,5556973,Anticonceptivo,oral,48375,0,estradiol_comprimidos,estradiol
DIVINA,comp.rec.x 84,Elea,0,1,16/04/2026,79274,drospirenona+etinilestradiol,,,,mg,84,unidades,Comprimidos/Pastillas/Tabletas/Grageas,,0, , ,,,Venta Bajo Receta,Importado,No controlado, ,NO CONTROLADO,GRANDE (DE 2 PRES.),Sin informacion (Sin descuento),0,00498,7796285273132,003,00036,10184,00054,undefined,00005,00002,178951000221108,07796285273132,5261822,Anticonceptivo,oral,48324,0,estradiol_comprimidos,estradiol
ISIS MINI 24,comp.rec.x 84,Siegfried,0,1,23/04/2026,81605,drospirenona+etinilestradiol,,,,mg,84,unidades,Comprimidos/Pastillas/Tabletas/Grageas,,0, , ,,,Venta Bajo Receta,Nacional,No controlado, ,NO CONTROLADO,GRANDE (DE + DE 2 PRES.),Sin informacion (Sin descuento),0,00903,7795380001374,005,00036,10184,00054,undefined,00005,00002,156141000221105,07798129415340,5556976,Anticonceptivo,oral,48376,0,estradiol_comprimidos,estradiol
TRIAL GEL,gel x 80 g,Beta,0,1,21/04/2026,65473,estradiol,,,,mg %,1,unidades de 80 g,Cremas/Geles/Pomadas/Ungüentos,,0, , ,,,Venta Bajo Receta,Nacional,No controlado, ,NO CONTROLADO,MENOR,50% de descuento,2,00032,7795328055926,001,00090,03784,00004,undefined,00122,00014,314271000221101,07795328055926,3969884,Estrogenoterapia,transdermal,51566,65203,estradiol_comprimidos,estradiol
RONTAGEL,env.x 80 g,Ferring,0,1,01/05/2026,106181,estradiol,,,,mg %,1,unidades de 80 g,Cremas/Geles/Pomadas/Ungüentos,,0, , ,,,Venta Bajo Receta,Importado,No controlado, ,NO CONTROLADO,MENOR,50% de descuento,2,00364,7795309002550,001,00090,03784,00004,undefined,00122,00009,305541000221105,07795309002550,3393262,Estrogenoterapia,uso externo,12634,66276,estradiol_comprimidos,estradiol
RONFASE,2 mg comp.x 28,Pfizer,0,1,28/04/2026,16376,estradiol,,,,mg,28,unidades,Comprimidos/Pastillas/Tabletas/Grageas,,0, , ,,,Venta Bajo Receta,Nacional,No controlado, ,NO CONTROLADO,MENOR,50% de descuento,2,00179,7798083950338,001,00090,03784,00054,undefined,00005,00002,174331000221107,07798083950338,3609911,Estrogenoterapia,oral,12032,12452,estradiol_comprimidos,estradiol
PROGYNOVA,2 mg comp.x 28,Bayer (PH),0,1,17/04/2026,24082,estradiol,,,,mg,28,unidades,Comprimidos/Pastillas/Tabletas/Grageas,,0, , ,,,Venta Bajo Receta,Importado,No controlado, ,NO CONTROLADO,MENOR,50% de descuento,2,00214,7795320050905,001,00090,03784,00054,undefined,00005,00002,191031000221100,07795320053579,990531,Estrogenoterapia,oral,30743,14071,estradiol_comprimidos,estradiol
CYCLOFEM INY,5/25 mg a.x 1,Cassará,0,1,20/04/2026,16230,estradiol+medroxiprogesterona,,,,mg,1,unidades,Ampollas/Frascos-Ampolla/Liofilizados/Soluc.Parent,,0, , ,,,Venta Bajo Receta,Nacional,No controlado, ,NO CONTROLADO,MENOR,Sin informacion (Sin descuento),0,00046,7795373003750,001,00036,00395,00003,undefined,00005,00003, ,7795373003750,6763681,Anticonceptivo,inyectable IM,64195,0,estradiol_comprimidos,estradiol
MESIGYNA,iny.IM a.x 1 ml,Bayer (PH),0,1,05/05/2026,17061,estradiol+noretisterona,,,,mg/ml,1,unidades de 1 ml,Ampollas/Frascos-Ampolla/Liofilizados/Soluc.Parent,,0, , ,,,Venta Bajo Receta,Nacional,No controlado, ,NO CONTROLADO,MENOR,50% de descuento,2,00214,7795320034912,001,00036,00490,00003,undefined,00013,00003,291191000221102,07795320034912,3299631,Anticonceptivo,inyectable IM,14785,6953,estradiol_comprimidos,estradiol
MESIGYNA,jga.prell. x 1 ml,Bayer (PH),0,1,05/05/2026,20158,estradiol+noretisterona,,,,mg/ml,1,unidades de 1 ml,Jeringa prellenada,,0, , ,,,Venta Bajo Receta,Nacional,No controlado, ,NO CONTROLADO,MENOR,Sin informacion (Sin descuento),0,00214,7501303466607,001,00036,00490,00030,undefined,00013,00003,462621000221102,07501303466607,3299632,Anticonceptivo,inyectable IM,60540,0,estradiol_comprimidos,estradiol
BIOFEM,comp.rec.x 21,Biotenk,0,1,17/04/2026,15823,etinilestradiol+gestodeno,,,,mcg,21,unidades,Comprimidos/Pastillas/Tabletas/Grageas,,0, , ,,,Venta Bajo Receta,Nacional,No controlado, ,NO CONTROLADO,MENOR,Sin informacion (Sin descuento),0,00320,7796363002609,001,00403,04631,00054,undefined,00005,00002,145871000221101,07796363002609,5429261,Anovulatorio,oral,39292,0,estradiol_comprimidos,estradiol
CUIDAFEM,comp.rec.x 21,Laboratorios Bernabó,0,1,28/04/2026,18669,etinilestradiol+gestodeno,,,,mcg,21,unidades,Comprimidos/Pastillas/Tabletas/Grageas,,0, , ,,,Venta Bajo Receta,Nacional,No controlado, ,NO CONTROLADO,MENOR,50% de descuento,2,00157,7792175008235,001,00036,04631,00054,undefined,00005,00002,144201000221106,07792175008235,5432421,Anticonceptivo,oral,37810,11126,estradiol_comprimidos,estradiol
GINELEA MD,comp.x 21,Elea,0,1,16/04/2026,19615,etinilestradiol+gestodeno,,,,mcg,21,unidades,Comprimidos/Pastillas/Tabletas/Grageas,,0, , ,,,Venta Bajo Receta,Importado,No controlado, ,NO CONTROLADO,MENOR,Sin informacion (Sin descuento),0,00498,7796285048907,001,00036,04631,00054,undefined,00005,00002,192501000221105,07796285048907,4120491,Anticonceptivo,oral,17991,0,estradiol_comprimidos,estradiol
FEMIANE,grag.x 21,Raffo,0,1,17/04/2026,20200,etinilestradiol+gestodeno,,,,mcg,21,unidades,Comprimidos/Pastillas/Tabletas/Grageas,,0, , ,,,Venta Bajo Receta,Nacional,No controlado, ,NO CONTROLADO,MENOR,Sin informacion (Sin descuento),0,00192,7896006201854,001,00036,04631,00054,undefined,00005,00002,100611000221108,07896006201854,4174111,Anticonceptivo,oral,18735,0,estradiol_comprimidos,estradiol
GINELEA,grag.x 21,Elea,0,1,16/04/2026,28597,etinilestradiol+gestodeno,,,,mcg,21,unidades,Comprimidos/Pastillas/Tabletas/Grageas,,0, , ,,,Venta Bajo Receta,Importado,No controlado, ,NO CONTROLADO,MENOR,Sin informacion (Sin descuento),0,00498,7796285048419,001,00403,04631,00054,undefined,00005,00002,126071000221100,07796285048419,3681431,Anovulatorio,oral,14572,0,estradiol_comprimidos,estradiol
LIVIANNE 28,comp.rec.x 28,PharmaDorf,0,1,04/05/2026,21148,etinilestradiol+gestodeno,,,,mcg,28,unidades,Comprimidos/Pastillas/Tabletas/Grageas,,0, , ,,,Venta Bajo Receta,Nacional,No controlado, ,NO CONTROLADO,MENOR,50% de descuento,2,00600,7798103390984,001,00036,04631,00054,undefined,00005,00002,235181000221105,07798103390984,5431132,Anticonceptivo,oral,42699,11291,estradiol_comprimidos,estradiol
GINELEA MD 28,comp.x 28,Elea,0,1,16/04/2026,22913,etinilestradiol+gestodeno,,,,mcg,28,unidades,Comprimidos/Pastillas/Tabletas/Grageas,,0, , ,,,Venta Bajo Receta,Importado,No controlado, ,NO CONTROLADO,MENOR,Sin informacion (Sin descuento),0,00498,7796285052072,001,00036,04631,00054,undefined,00005,00002,190201000221109,07796285052072,5376001,Anticonceptivo,oral,36670,0,estradiol_comprimidos,estradiol
VENISSE,comp.rec.x 28,PharmaDorf,0,1,04/05/2026,25566,etinilestradiol+gestodeno,,,,mcg,28,unidades,Comprimidos/Pastillas/Tabletas/Grageas,,0, , ,,,Venta Bajo Receta,Nacional,No controlado, ,NO CONTROLADO,MENOR,50% de descuento,2,00600,7798103391073,001,00036,04631,00054,undefined,00005,00002,232631000221105,07798103391073,5474682,Anticonceptivo,oral,38261,12470,estradiol_comprimidos,estradiol
ALELI,comp.rec.x 28,Laboratorios Bernabó,0,1,28/04/2026,27953,etinilestradiol+gestodeno,,,,mcg,28,unidades,Comprimidos/Pastillas/Tabletas/Grageas,,0, , ,,,Venta Bajo Receta,Nacional,No controlado, ,NO CONTROLADO,MENOR,50% de descuento,2,00157,7792175008204,001,00036,04631,00054,undefined,00005,00002,166841000221105,07792175008204,5416001,Anticonceptivo,oral,37809,15306,estradiol_comprimidos,estradiol
SECRET 28,comp.rec.x 28,Elea,0,1,16/04/2026,28193,etinilestradiol+gestodeno,,,,mcg,28,unidades,Comprimidos/Pastillas/Tabletas/Grageas,,0, , ,,,Venta Bajo Receta,Importado,No controlado, ,NO CONTROLADO,MENOR,Sin informacion (Sin descuento),0,00498,7796285049768,001,00036,04631,00054,undefined,00005,00002,123721000221107,07796285049768,4744291,Anticonceptivo,oral,26278,0,estradiol_comprimidos,estradiol
ELLERING,anillo vaginal sob.x 1,Elea,0,1,16/04/2026,73069,etonogestrel+etinilestradiol,,,,mg,1,unidades,Profilácticos,,0, , ,,,Venta Bajo Receta,Importado,No controlado, ,NO CONTROLADO,MENOR,50% de descuento,2,00498,7796285282936,001,00036,10795,00050,undefined,00005,00011,324561000221103,07796285282936,6529711,Anticonceptivo,vaginal,55887,41643,estradiol_comprimidos,estradiol
NUVARING,anillo vaginal sob.x 1,Organon Arg.,0,1,04/05/2026,86088,etonogestrel+etinilestradiol,,,,mg,1,unidades,Profilácticos,,0, , ,,,Venta Bajo Receta,Importado,No controlado, ,NO CONTROLADO,MENOR,Sin informacion (Sin descuento),0,00172,7795318001438,001,00036,10795,00050,undefined,00005,00011,242551000221103,07798376720358,5129771,Anticonceptivo,vaginal,45665,0,estradiol_comprimidos,estradiol
CICLOCUR,blist.grag.x 21,Bayer (PH),0,1,17/04/2026,34370,levonorgestrel+estradiol,,,,mg,21,unidades,Comprimidos/Pastillas/Tabletas/Grageas,,0, , ,,,Venta Bajo Receta,Nacional,No controlado, ,NO CONTROLADO,MENOR,50% de descuento,2,00214,7896116865540,001,00326,01194,00054,undefined,00005,00002,189381000221101,07896116865540,2215151,Hormonoterapia,oral,8262,15816,estradiol_comprimidos,estradiol
DOS DIAS N,comp.x 2,Elea,0,1,16/04/2026,34511,levonorgestrel+etinilestradiol,,,,mcg,2,unidades,Comprimidos/Pastillas/Tabletas/Grageas,,0, , ,,,Venta Bajo Receta,Nacional,No controlado, ,NO CONTROLADO,MENOR,50% de descuento,2,00498,7796285047108,001,00362,05788,00054,undefined,00005,00002,123851000221109,07796285047108,2878061,Diag.de amenorreas,oral,10107,18958,estradiol_comprimidos,estradiol
NICOLLE,comp.x 21,Biotenk,0,1,17/04/2026,7330,levonorgestrel+etinilestradiol,,,,mcg,21,unidades,Comprimidos/Pastillas/Tabletas/Grageas,,0, , ,,,Venta Bajo Receta,Nacional,No controlado, ,NO CONTROLADO,MENOR,Sin informacion (Sin descuento),0,00320,7796363001565,001,00036,05788,00054,undefined,00005,00002,226641000221102,07796363001565,5231791,Anticonceptivo,oral,52476,0,estradiol_comprimidos,estradiol
APRIL,comp.x 21,Gador,0,1,29/04/2026,7587,levonorgestrel+etinilestradiol,,,,mcg,21,unidades,Comprimidos/Pastillas/Tabletas/Grageas,,0, , ,,,Venta Bajo Receta,Nacional,No controlado, ,NO CONTROLADO,MENOR,50% de descuento,2,00103,7792183486896,001,00036,05788,00054,undefined,00005,00002,190051000221102,07792183486896,4184191,Anticonceptivo,oral,22495,5727,estradiol_comprimidos,estradiol
NORGESTREL PLUS,comp.rec.x 21,Biotenk,0,1,17/04/2026,7926,levonorgestrel+etinilestradiol,,,,mcg,21,unidades,Comprimidos/Pastillas/Tabletas/Grageas,,0, , ,,,Venta Bajo Receta,Nacional,No controlado, ,NO CONTROLADO,MENOR,Sin informacion (Sin descuento),0,00320,7796363000179,001,00036,05788,00054,undefined,00005,00002,143351000221100,07796363000179,3742811,Anticonceptivo,oral,13787,0,estradiol_comprimidos,estradiol
FORLADY,comp.rec.x 21,Microsules Arg.,0,1,05/05/2026,8297,levonorgestrel+etinilestradiol,,,,mcg,21,unidades,Comprimidos/Pastillas/Tabletas/Grageas,,0, , ,,,Venta Bajo Receta,Nacional,No controlado, ,NO CONTROLADO,MENOR,Sin informacion (Sin descuento),0,00235,7791829000755,001,00403,05788,00054,undefined,00005,00002,150851000221101,07791829000755,5921971,Anovulatorio,oral,48885,0,estradiol_comprimidos,estradiol
MICROFEM MAX,comp.rec.x 21,Lafedar,0,1,18/04/2026,8390,levonorgestrel+etinilestradiol,,,,mcg,21,unidades,Comprimidos/Pastillas/Tabletas/Grageas,,0, , ,,,Venta Bajo Receta,Nacional,No controlado, ,NO CONTROLADO,MENOR,Sin informacion (Sin descuento),0,00397,7798369791211,001,00036,05788,00054,undefined,00005,00002, ,7798369791211,673526,Anticonceptivo,oral,63491,0,estradiol_comprimidos,estradiol
MIRANOVA,grag.x 21,Bayer (PH),0,1,05/05/2026,8443,levonorgestrel+etinilestradiol,,,,mcg,21,unidades,Comprimidos/Pastillas/Tabletas/Grageas,,0, , ,,,Venta Bajo Receta,Importado,No controlado, ,NO CONTROLADO,MENOR,50% de descuento,2,00214,7795320050431,001,00036,05788,00054,undefined,00005,00002,121971000221109,07795320050431,4458841,Anticonceptivo,oral,23301,4895,estradiol_comprimidos,estradiol
FEMEXIN,comp.x 21,Elea,0,1,16/04/2026,8884,levonorgestrel+etinilestradiol,,,,mcg,21,unidades,Comprimidos/Pastillas/Tabletas/Grageas,,0, , ,,,Venta Bajo Receta,Importado,No controlado, ,NO CONTROLADO,MENOR,50% de descuento,2,00498,7796285049775,001,00036,05788,00054,undefined,00005,00002,117581000221102,07796285049775,4744371,Anticonceptivo,oral,26409,6321,estradiol_comprimidos,estradiol
MICROVLAR,grag.x 21,Raffo,0,1,17/04/2026,10109,levonorgestrel+etinilestradiol,,,,mcg,21,unidades,Comprimidos/Pastillas/Tabletas/Grageas,,0, , ,,,Venta Bajo Receta,Nacional,No controlado, ,NO CONTROLADO,MENOR,50% de descuento,2,00192,7896006201878,001,00403,05788,00054,undefined,00005,00002,153291000221103,07896006201878,3741321,Anovulatorio,oral,13698,5966,estradiol_comprimidos,estradiol
MICROGYNON,blist.grag.x 21,Raffo,0,1,17/04/2026,12339,levonorgestrel+etinilestradiol,,,,mcg,21,unidades,Comprimidos/Pastillas/Tabletas/Grageas,,0, , ,,,Venta Bajo Receta,Nacional,No controlado, ,NO CONTROLADO,MENOR,50% de descuento,2,00192,7896006201861,001,00036,05788,00054,undefined,00005,00002,128201000221101,07896006201861,2365721,Anticonceptivo,oral,8288,8473,estradiol_comprimidos,estradiol
TRIDESTAN N,grag.x 21,Gador,0,1,29/04/2026,12534,levonorgestrel+etinilestradiol,,,,mcg,21,unidades,Comprimidos/Pastillas/Tabletas/Grageas,,0, , ,,,Venta Bajo Receta,Nacional,No controlado, ,NO CONTROLADO,MENOR,50% de descuento,2,00103,7792183486667,001,00036,05788,00054,undefined,00005,00002,136561000221104,07792183486667,4032461,Anticonceptivo,oral,19939,7819,estradiol_comprimidos,estradiol
TRIQUILAR,blist.grag.x 21,Raffo,0,1,17/04/2026,13137,levonorgestrel+etinilestradiol,,,,mcg,21,unidades,Comprimidos/Pastillas/Tabletas/Grageas,,0, , ,,,Venta Bajo Receta,Nacional,No controlado, ,NO CONTROLADO,MENOR,50% de descuento,2,00192,7896006202127,001,00036,05788,00054,undefined,00005,00002,191081000221104,07896006202127,2718911,Anticonceptivo,oral,8317,9179,estradiol_comprimidos,estradiol
APRIL 28,comp.x 28,Gador,0,1,29/04/2026,8144,levonorgestrel+etinilestradiol,,,,mcg,28,unidades,Comprimidos/Pastillas/Tabletas/Grageas,,0, , ,,,Venta Bajo Receta,Nacional,No controlado, ,NO CONTROLADO,MENOR,50% de descuento,2,00103,7792183488890,001,00036,05788,00054,undefined,00005,00002,190071000221109,07792183488890,4184192,Anticonceptivo,oral,41701,5842,estradiol_comprimidos,estradiol
NORFEN,comp.x 28,PharmaDorf,0,1,04/05/2026,8665,levonorgestrel+etinilestradiol,,,,mcg,28,unidades,Comprimidos/Pastillas/Tabletas/Grageas,,0, , ,,,Venta Bajo Receta,Importado,No controlado, ,NO CONTROLADO,MENOR,50% de descuento,2,00600,7798103391042,001,00036,05788,00054,undefined,00005,00002,230361000221108,07798103391042,5425842,Anticonceptivo,oral,39903,5804,estradiol_comprimidos,estradiol
FEMEXIN 28,comp.x 28,Elea,0,1,16/04/2026,9515,levonorgestrel+etinilestradiol,,,,mcg,28,unidades,Comprimidos/Pastillas/Tabletas/Grageas,,0, , ,,,Venta Bajo Receta,Importado,No controlado, ,NO CONTROLADO,MENOR,50% de descuento,2,00498,7796285050870,001,00036,05788,00054,undefined,00005,00002,134301000221100,07796285050870,4744372,Anticonceptivo,oral,33944,6445,estradiol_comprimidos,estradiol
ELEKTRA,comp.x 28,Craveri,0,1,17/04/2026,9856,levonorgestrel+etinilestradiol,,,,mcg,28,unidades,Comprimidos/Pastillas/Tabletas/Grageas,,0, , ,,,Venta Bajo Receta,Nacional,No controlado, ,NO CONTROLADO,MENOR,Sin informacion (Sin descuento),0,00056,7792234000279,001,00403,05788,00054,undefined,00005,00002,182241000221109,07792234000279,5740972,Anovulatorio,oral,44502,0,estradiol_comprimidos,estradiol
ELEKTRA MAX,comp.rec.x 28,Craveri,0,1,17/04/2026,12775,levonorgestrel+etinilestradiol,,,,mg,28,unidades,Comprimidos/Pastillas/Tabletas/Grageas,,0, , ,,,Venta Bajo Receta,Nacional,No controlado, ,NO CONTROLADO,MENOR,Sin informacion (Sin descuento),0,00056,7792234000545,001,00403,05788,00054,undefined,00005,00002,215231000221108,07792234000545,6165261,Anovulatorio,oral,49098,0,estradiol_comprimidos,estradiol
AMAPOLI,comp.rec.x 28,Laboratorios Bernabó,0,1,28/04/2026,32453,"nomegestrol,acetato+estradiol",,,,mg,28,unidades,Comprimidos/Pastillas/Tabletas/Grageas,,0, , ,,,Venta Bajo Receta,Nacional,No controlado, ,NO CONTROLADO,MENOR,50% de descuento,2,00157,7792175009423,001,00036,10938,00054,undefined,00005,00002,213041000221109,07792175009423,6301001,Anticonceptivo,oral,50488,24042,estradiol_comprimidos,estradiol
FEMIDEN,comp.rec.x 28,Gador,0,1,29/04/2026,32708,"nomegestrol,acetato+estradiol",,,,mg,28,unidades,Comprimidos/Pastillas/Tabletas/Grageas,,0, , ,,,Venta Bajo Receta,Nacional,No controlado, ,NO CONTROLADO,MENOR,Sin informacion (Sin descuento),0,00103,7792183001464,001,00036,10938,00054,undefined,00005,00002,109161000221109,07792183001464,6240841,Anticonceptivo,oral,49399,0,estradiol_comprimidos,estradiol
FEMALVI,comp.x 28 (24+4),Raffo,0,1,17/04/2026,32858,"nomegestrol,acetato+estradiol",,,,mg,28,unidades,Comprimidos/Pastillas/Tabletas/Grageas,,0, , ,,,Venta Bajo Receta,Nacional,No controlado, ,NO CONTROLADO,MENOR,Sin informacion (Sin descuento),0,00192,7798084686236,001,00036,10938,00054,undefined,00005,00002,377611000221109,07798084686236,6577261,Anticonceptivo,oral,56913,0,estradiol_comprimidos,estradiol
SIGNORINA,comp.rec.x 28,Craveri,0,1,17/04/2026,35714,"nomegestrol,acetato+estradiol",,,,mg,28,unidades,Comprimidos/Pastillas/Tabletas/Grageas,,0, , ,,,Venta Bajo Receta,Nacional,No controlado, ,NO CONTROLADO,MENOR,Sin informacion (Sin descuento),0,00056,7792234000842,001,00036,10938,00054,undefined,00005,00002,215431000221107,07792234000842,6285551,Anticonceptivo,oral,50164,0,estradiol_comprimidos,estradiol
MIRANDA,comp.x 28 (24+4),Elea,0,1,16/04/2026,35889,"nomegestrol,acetato+estradiol",,,,mg,28,unidades,Comprimidos/Pastillas/Tabletas/Grageas,,0, , ,,,Venta Bajo Receta,Importado,No controlado, ,NO CONTROLADO,MENOR,Sin informacion (Sin descuento),0,00498,7796285255473,001,00036,10938,00054,undefined,00005,00002,185231000221109,07796285255473,6222421,Anticonceptivo,oral,48955,0,estradiol_comprimidos,estradiol
MIRANDA,comp.x 84 (24+4),Elea,0,1,16/04/2026,86825,"nomegestrol,acetato+estradiol",,,,mg,84,unidades,Comprimidos/Pastillas/Tabletas/Grageas,,0, , ,,,Venta Bajo Receta,Importado,No controlado, ,NO CONTROLADO,GRANDE (DE 2 PRES.),Sin informacion (Sin descuento),0,00498,7796285297299,003,00036,10938,00054,undefined,00005,00002, ,7796285297299,6222422,Anticonceptivo,oral,63496,0,estradiol_comprimidos,estradiol
EVRA,parches transdérmicos x3,Elea,0,1,16/04/2026,30503,norelgestromin+etinilestradiol,,,,mcg/24 horas,3,unidades,Parches transdermicos,,0, , ,,,Venta Bajo Receta,Importado,No controlado, ,NO CONTROLADO,MENOR,Sin informacion (Sin descuento),0,00498,7795314892375,001,00036,10203,00015,undefined,00005,00014,242291000221108,07795314892375,5111011,Anticonceptivo,transdermal,32517,0,estradiol_comprimidos,estradiol
UNIMEX,a.x 1 x 1 ml,MR Pharma,0,1,03/03/2026,16072,noretisterona+etinilestradiol,,,,mg/ml,1,unidades de 1 ml,Ampollas/Frascos-Ampolla/Liofilizados/Soluc.Parent,,0, , ,,,Venta Bajo Receta,Nacional,No controlado, ,NO CONTROLADO,MENOR,Sin informacion (Sin descuento),0,00879,7798173940089,001,00036,00844,00003,undefined,00013,00003,324311000221109,07798173940089,6367712,Anticonceptivo,inyectable IM,56628,0,estradiol_comprimidos,estradiol
PRIMOSISTON,comp.x 30,Raffo,0,1,17/04/2026,19242,noretisterona+etinilestradiol,,,,mg,30,unidades,Comprimidos/Pastillas/Tabletas/Grageas,,0, , ,,,Venta Bajo Receta,Nacional,No controlado, ,NO CONTROLADO,MENOR,50% de descuento,2,00192,7896006201915,001,00326,00844,00054,undefined,00005,00002,131051000221100,07896006201915,989481,Hormonoterapia,oral,8305,12015,estradiol_comprimidos,estradiol
MENOCLIM CREMA,cr.x 15 g,Beta,0,1,21/04/2026,26286,estriol,,,,g/100 g,1,unidades de 15 g,Cremas/Geles/Pomadas/Ungüentos,,0, , ,,,Venta Bajo Receta,Nacional,No controlado, ,NO CONTROLADO,MENOR,50% de descuento,2,00032,7795328054868,001,00090,03840,00004,undefined,00047,00011,290801000221105,07795328054868,6489391,Estrogenoterapia,vaginal,54764,22787,estriol_gel,estriol
COLPOESTRIOL,cr.x 15 g,Temis-Lostaló,0,1,29/04/2026,26845,estriol,,,,g/100 g,1,unidades de 15 g,Cremas/Geles/Pomadas/Ungüentos,,0, , ,,,Venta Bajo Receta,Nacional,No controlado, ,NO CONTROLADO,MENOR,50% de descuento,2,00229,7795337909159,001,00090,03840,00004,undefined,00047,00011,269461000221100,07795337909159,5052371,Estrogenoterapia,vaginal,32392,25325,estriol_gel,estriol
ORGESTRIOL,cr.vag.x 15 g c/aplic.,Aspen Pharma,0,1,05/05/2026,29919,estriol,,,,g/100 g,1,unidades de 15 g,Cremas/Geles/Pomadas/Ungüentos,,0, , ,,,Venta Bajo Receta,Nacional,No controlado, ,NO CONTROLADO,MENOR,50% de descuento,2,00914,7798138890596,001,00090,03840,00004,undefined,00047,00011,409811000221100,07798333230043,2817171,Estrogenoterapia,vaginal,6193,12621,estriol_gel,estriol
MENOCLIM,óv.x 10,Beta,0,1,21/04/2026,30607,estriol,,,,mg,10,unidades,Ovulos/Comprimidos vaginales,,0, , ,,,Venta Bajo Receta,Nacional,No controlado, ,NO CONTROLADO,MENOR,50% de descuento,2,00032,7795328054981,001,00090,03840,00007,undefined,00005,00011,191381000221101,07795328054981,5860972,Estrogenoterapia,vaginal,45460,30607,estriol_gel,estriol
ORGESTRIOL,óv.x 10,Aspen Pharma,0,1,05/05/2026,35887,estriol,,,,mg,10,unidades,Ovulos/Comprimidos vaginales,,0, , ,,,Venta Bajo Receta,Nacional,No controlado, ,NO CONTROLADO,MENOR,50% de descuento,2,00914,7798333230098,001,00090,03840,00007,undefined,00005,00011,431241000221105,07798333230098,3057991,Estrogenoterapia,vaginal,8412,12924,estriol_gel,estriol
COLPOESTRIOL,óv.x 15,Temis-Lostaló,0,1,29/04/2026,47014,estriol,,,,mg,15,unidades,Ovulos/Comprimidos vaginales,,0, , ,,,Venta Bajo Receta,Nacional,No controlado, ,NO CONTROLADO,MENOR,50% de descuento,2,00229,7795337903669,001,00090,03840,00007,undefined,00005,00011,106331000221105,07795337903669,5052422,Estrogenoterapia,vaginal,48647,36882,estriol_gel,estriol
MENOCLIM PRO,cr.x 15 g,Beta,0,1,21/04/2026,31428,promestriene,,,,g %,1,unidades de 15 g,Cremas/Geles/Pomadas/Ungüentos,,0, , ,,,Venta Bajo Receta,Nacional,No controlado, ,NO CONTROLADO,MENOR,50% de descuento,2,00032,7795328055193,001,00090,00869,00004,undefined,00047,00009,290811000221108,07795328055193,6366681,Estrogenoterapia,uso externo,52477,24773,promestriene_crema,promestriene
COLPOTROPHINE,cr.x 15 g,Teva Argentina,0,1,13/04/2026,31784,promestriene,,,,g %,1,unidades de 15 g,Cremas/Geles/Pomadas/Ungüentos,,0, , ,,,Venta Bajo Receta,Importado,No controlado, ,NO CONTROLADO,MENOR,50% de descuento,2,00518,7795326000362,001,00090,00869,00004,undefined,00047,00009,269471000221109,07795326000362,4049631,Estrogenoterapia,uso externo,17326,25967,promestriene_crema,promestriene
COLPOESTRIENE,cr. vag. x 15 g.,Temis-Lostaló,0,1,29/04/2026,31900,promestriene,,,,No Clasificada,1,unidades,Cremas/Geles/Pomadas/Ungüentos,,0, , ,,,Venta Bajo Receta,Nacional,No controlado, ,NO CONTROLADO,MENOR,50% de descuento,2,00229,7795337901344,001,00090,00869,00004,undefined,00005,00011,509351000221102,07795337901344,6731001,Estrogenoterapia,vaginal,61307,23369,promestriene_crema,promestriene
MENOCLIM PRO,óv. x 10,Beta,0,1,21/04/2026,30419,promestriene,,,,mg,10,unidades,Ovulos/Comprimidos vaginales,,0, , ,,,Venta Bajo Receta,Nacional,No controlado, ,NO CONTROLADO,MENOR,50% de descuento,2,00032,7795328055209,001,00090,00869,00007,undefined,00005,00011,223191000221105,07795328055209,6366711,Estrogenoterapia,vaginal,52478,23743,promestriene_crema,promestriene
COLPOESTRIENE,óv. x 10,Temis-Lostaló,0,1,29/04/2026,31297,promestriene,,,,mg,10,unidades,Ovulos/Comprimidos vaginales,,0, , ,,,Venta Bajo Receta,Nacional,No controlado, ,NO CONTROLADO,MENOR,50% de descuento,2,00229,7795337907155,001,00090,00869,00007,undefined,00005,00011,464791000221104,07795337907155,6730971,Estrogenoterapia,vaginal,61218,21369,promestriene_crema,promestriene
COLPOTROPHINE,cáps.vag.x 10,Teva Argentina,0,1,13/04/2026,31488,promestriene,,,,mg,10,unidades,Ovulos/Comprimidos vaginales,,0, , ,,,Venta Bajo Receta,Importado,No controlado, ,NO CONTROLADO,MENOR,50% de descuento,2,00518,7795326000348,001,00090,00869,00007,undefined,00005,00011,104271000221105,07795326000348,4049711,Estrogenoterapia,vaginal,17325,24841,promestriene_crema,promestriene
PROMECLIM,comp.vag.x 10,Megalabs Argentina,0,1,07/04/2026,31563,promestriene,,,,mg,10,unidades,Ovulos/Comprimidos vaginales,,0, , ,,,Venta Bajo Receta,Nacional,No controlado, ,NO CONTROLADO,MENOR,50% de descuento,2,00193,7791763338068,001,00090,00869,00007,undefined,00005,00011,465571000221109,07791763338068,6512001,Estrogenoterapia,vaginal,55315,21361,promestriene_crema,promestriene
MENOCLIM PRO,óv. x 20,Beta,0,1,21/04/2026,57434,promestriene,,,,mg,20,unidades,Ovulos/Comprimidos vaginales,,0, , ,,,Venta Bajo Receta,Nacional,No controlado, ,NO CONTROLADO,GRANDE (DE 2 PRES.),50% de descuento,2,00032,7795328055216,003,00090,00869,00007,undefined,00005,00011,223201000221108,07795328055216,6366712,Estrogenoterapia,vaginal,52479,43925,promestriene_crema,promestriene
PROMECLIM,comp.vag.x 20,Megalabs Argentina,0,1,07/04/2026,58367,promestriene,,,,mg,20,unidades,Ovulos/Comprimidos vaginales,,0, , ,,,Venta Bajo Receta,Nacional,No controlado, ,NO CONTROLADO,GRANDE (DE 2 PRES.),50% de descuento,2,00193,7791763338075,003,00090,00869,00007,undefined,00005,00011,465581000221107,07791763338075,6512002,Estrogenoterapia,vaginal,55316,39522,promestriene_crema,promestriene
COLPOTROPHINE,cáps.vag.x 20,Teva Argentina,0,1,13/04/2026,59303,promestriene,,,,mg,20,unidades,Ovulos/Comprimidos vaginales,,0, , ,,,Venta Bajo Receta,Importado,No controlado, ,NO CONTROLADO,GRANDE (DE 2 PRES.),50% de descuento,2,00518,7795326000355,003,00090,00869,00007,undefined,00005,00011,104281000221108,07795326000355,4049712,Estrogenoterapia,vaginal,27271,46038,promestriene_crema,promestriene
COLPOESTRIENE,óv. x 20,Temis-Lostaló,0,1,29/04/2026,59465,promestriene,,,,mg,20,unidades,Ovulos/Comprimidos vaginales,,0, , ,,,Venta Bajo Receta,Nacional,No controlado, ,NO CONTROLADO,MENOR,50% de descuento,2,00229,7795337907148,001,00090,00869,00007,undefined,00005,00011,464801000221103,07795337907148,6730972,Estrogenoterapia,vaginal,61219,39533,promestriene_crema,promestriene
DHEA FEM,óv. x 14,Casasco,0,1,27/04/2026,27733,prasterona,,,,mg,14,unidades,Ovulos/Comprimidos vaginales,,0, , ,,,Venta Bajo Receta,Nacional,No controlado, ,NO CONTROLADO,MENOR,Sin informacion (Sin descuento),0,00045,7791909339904,001,00090,11646,00007,undefined,00005,00011, ,7791909339904,6818001,Estrogenoterapia,vaginal,64139,0,prasterona,prasterona
FEMTERONA,óv. x 14,Beta,0,1,21/04/2026,27909,prasterona,,,,mg,28,unidades,Ovulos/Comprimidos vaginales,,0, , ,,,Venta Bajo Receta,Nacional,No controlado, ,NO CONTROLADO,MENOR,Sin informacion (Sin descuento),0,00032,7795328050327,001,00090,11646,00007,undefined,00005,00011, ,07795328050327,6731682,Estrogenoterapia,vaginal,62092,0,prasterona,prasterona
DHEA FEM,óv. x 28,Casasco,0,1,27/04/2026,50883,prasterona,,,,mg,28,unidades,Ovulos/Comprimidos vaginales,,0, , ,,,Venta Bajo Receta,Nacional,No controlado, ,NO CONTROLADO,GRANDE (DE 2 PRES.),Sin informacion (Sin descuento),0,00045,7791909339911,003,00090,11646,00007,undefined,00005,00011, ,7791909339911,6818002,Estrogenoterapia,vaginal,64140,0,prasterona,prasterona
FEMTERONA,óv. x 28 + aplic. x 6,Beta,0,1,21/04/2026,51206,prasterona,,,,mg,28,unidades,Ovulos/Comprimidos vaginales,,0, , ,,,Venta Bajo Receta,Nacional,No controlado, ,NO CONTROLADO,MENOR,Sin informacion (Sin descuento),0,00032,7795328050334,001,00090,11646,00007,undefined,00005,00011,449871000221104,07795328050334,6731681,Estrogenoterapia,vaginal,60527,0,prasterona,prasterona
ATRIMON,iny.a.x 1,MR Pharma,0,1,03/03/2026,16072,dihidroxiprogesterona+estradiol,,,,mg/ml,1,unidades de 1 ml,Ampollas/Frascos-Ampolla/Liofilizados/Soluc.Parent,,0, , ,,,Venta Bajo Receta,Nacional,No controlado, ,NO CONTROLADO,MENOR,Sin informacion (Sin descuento),0,00879,7795342001855,001,00403,03261,00003,undefined,00013,00003,261351000221105,07798173940126,454941,Anovulatorio,inyectable IM,1316,0,progesterona_capsulas,progesterona
CYCLOFEM INY,5/25 mg a.x 1,Cassará,0,1,20/04/2026,16230,estradiol+medroxiprogesterona,,,,mg,1,unidades,Ampollas/Frascos-Ampolla/Liofilizados/Soluc.Parent,,0, , ,,,Venta Bajo Receta,Nacional,No controlado, ,NO CONTROLADO,MENOR,Sin informacion (Sin descuento),0,00046,7795373003750,001,00036,00395,00003,undefined,00005,00003, ,7795373003750,6763681,Anticonceptivo,inyectable IM,64195,0,progesterona_capsulas,progesterona
PROLUTON DEPOT,500 mg IM iny.a.ol.x 2ml,Bayer (PH),1,1,01/12/2025,36446,hidroxiprogesterona,,,,mg/ml,1,unidades de 2 ml,Ampollas/Frascos-Ampolla/Liofilizados/Soluc.Parent,,0, , ,,,Venta Bajo Receta,Nacional,No controlado, ,NO CONTROLADO,MENOR,50% de descuento,2,00214,7501303419825,001,00326,05066,00003,undefined,00012,00003,302921000221100,07501303419825,990951,Hormonoterapia,inyectable IM,8310,15664,progesterona_capsulas,progesterona
LIVOMEDROX,500 mg cáps.x 20,Varifarma,0,1,22/04/2026,2253940,medroxiprogesterona,,,,mg,20,unidades,Cápsulas/Softgels,,0, , ,,,Venta Bajo Receta Archivada,Nacional,No controlado, ,NO CONTROLADO,MENOR,Sin informacion (Sin descuento),0,00385,7798035310555,001,00224,06058,00002,undefined,00005,00002,248281000221107,07798035310555,4655351,Progestágeno,oral,26050,0,progesterona_capsulas,progesterona
DEPO-PROVERA 150,150 mg/ml f.a.x 25 x 1ml,Pfizer,0,1,28/04/2026,273736,medroxiprogesterona,,,,mg/ml,25,unidades de 1 ml,Ampollas/Frascos-Ampolla/Liofilizados/Soluc.Parent,,0, , ,,,Venta Bajo Receta,Importado,No controlado, ,NO CONTROLADO,MENOR,Sin informacion (Sin descuento),0,00179,7795381000024,001,00036,06058,00003,undefined,00013,00003,271531000221103,07795381000024, ,Anticonceptivo,inyectable IM,14949,0,progesterona_capsulas,progesterona
ALTERPURE,25 mg f.a.x 7,Eurofarma,0,1,28/04/2026,244615,progesterona,,,,mg/ml,7,unidades de 1 ml,Ampollas/Frascos-Ampolla/Liofilizados/Soluc.Parent,,0, , ,,,Venta Bajo Receta,Nacional,No controlado, ,NO CONTROLADO,MENOR,Sin informacion (Sin descuento),0,00018,779801692265,001,00224,00159,00003,undefined,00013,00003,327161000221104,07798016922654,6486392,Progestágeno,inyectable IM,55314,0,progesterona_capsulas,progesterona
UTROGESTAN,200 mg cáps.x 14,Ferring,0,1,01/05/2026,62761,progesterona,,,,mg,14,unidades,Cápsulas/Softgels,,0, , ,,,Venta Bajo Receta,Importado,No controlado, ,NO CONTROLADO,MENOR,50% de descuento,2,00364,7795309002543,001,00224,00159,00002,undefined,00005,00002,245761000221100,07795309002543,4974811,Progestágeno,oral,30542,43901,progesterona_capsulas,progesterona
MAFEL 200,cáps.x 14,Megalabs Argentina,0,1,04/05/2026,65215,progesterona,,,,mg,14,unidades,Cápsulas/Softgels,,0, , ,,,Venta Bajo Receta,Nacional,No controlado, ,NO CONTROLADO,MENOR,50% de descuento,2,00193,7791763000095,001,00224,00159,00002,undefined,00005,00002,245811000221109,07791763000095,5816261,Progestágeno,oral,43201,31377,progesterona_capsulas,progesterona
GESLUTIN,200 mg cáps.bl.x 15,Raffo,0,1,17/04/2026,62777,progesterona,,,,mg,15,unidades,Cápsulas/Softgels,,0, , ,,,Venta Bajo Receta,Importado,No controlado, ,NO CONTROLADO,MENOR,Sin informacion (Sin descuento),0,00192,7792219911736,001,00224,00159,00002,undefined,00005,00002,103161000221107,07792219911736,5047122,Progestágeno,oral,54671,0,progesterona_capsulas,progesterona
CRINONE 8%,dispens.monods.pack x 15,Merck Serono,0,1,30/04/2026,180551,progesterona,,,,g %,15,unidades,Cremas/Geles/Pomadas/Ungüentos,,0, , ,,,Venta Bajo Receta,Nacional,No controlado, ,NO CONTROLADO,MENOR,50% de descuento,2,00151,7730949048087,001,00224,00159,00004,undefined,00005,00011,270191000221102,07730949048087,4619052,Progestágeno,vaginal,26167,128299,progesterona_capsulas,progesterona
MAFEL 200,cáps.x 28,Megalabs Argentina,0,1,04/05/2026,121475,progesterona,,,,mg,28,unidades,Cápsulas/Softgels,,0, , ,,,Venta Bajo Receta,Nacional,No controlado, ,NO CONTROLADO,GRANDE (DE 2 PRES.),50% de descuento,2,00193,7791763000118,003,00224,00159,00002,undefined,00005,00002,245831000221101,07791763000118,5816262,Progestágeno,oral,43202,67402,progesterona_capsulas,progesterona
UTROGESTAN,200 mg cáps.x 28,Ferring,0,1,01/05/2026,123933,progesterona,,,,mg,28,unidades,Cápsulas/Softgels,,0, , ,,,Venta Bajo Receta,Importado,No controlado, ,NO CONTROLADO,SIGUIENTE,50% de descuento,2,00364,7795309002574,002,00224,00159,00002,undefined,00005,00002,245771000221109,07795309002574,4974812,Progestágeno,oral,44773,85610,progesterona_capsulas,progesterona
GESTFEM,cáps.x 30,Laboratorios Bernabó,0,1,24/02/2026,42576,progesterona,,,,mg,30,unidades,Cápsulas/Softgels,,0, , ,,,Venta Bajo Receta,Nacional,No controlado, ,NO CONTROLADO,MENOR,50% de descuento,2,00157,7792175009997,001,00224,00159,00002,undefined,00005,00002,443581000221101,07792175009997,6416393,Progestágeno,oral,59973,34650,progesterona_capsulas,progesterona
MAFEL,cáps.x 30,Megalabs Argentina,0,1,04/05/2026,55556,progesterona,,,,mg,30,unidades,Cápsulas/Softgels,,0, , ,,,Venta Bajo Receta,Nacional,No controlado, ,NO CONTROLADO,MENOR,50% de descuento,2,00193,7791763278845,001,00224,00159,00002,undefined,00005,00002,245801000221106,07791763278845,4187242,Progestágeno,oral,18977,35171,progesterona_capsulas,progesterona
GESLUTIN,100 mg cáps.bl.x 30,Raffo,0,1,17/04/2026,55780,progesterona,,,,mg,30,unidades,Cápsulas/Softgels,,0, , ,,,Venta Bajo Receta,Importado,No controlado, ,NO CONTROLADO,MENOR,Sin informacion (Sin descuento),0,00192,7792219911729,001,00224,00159,00002,undefined,00005,00002,245791000221105,07792219911729,4488705,Progestágeno,oral,54670,0,progesterona_capsulas,progesterona
UTROGESTAN,100 mg cáps.x 30,Ferring,0,1,01/05/2026,62946,progesterona,,,,mg,30,unidades,Cápsulas/Softgels,,0, , ,,,Venta Bajo Receta,Importado,No controlado, ,NO CONTROLADO,MENOR,50% de descuento,2,00364,7795309002536,001,00224,00159,00002,undefined,00005,00002,245781000221107,07795309002536,3393341,Progestágeno,oral,14192,41856,progesterona_capsulas,progesterona
GESLUTIN,200 mg cáps.bl.x 30,Raffo,0,1,17/04/2026,118830,progesterona,,,,mg,30,unidades,Cápsulas/Softgels,,0, , ,,,Venta Bajo Receta,Importado,No controlado, ,NO CONTROLADO,GRANDE (DE 2 PRES.),Sin informacion (Sin descuento),0,00192,7792219911743,003,00224,00159,00002,undefined,00005,00002,101081000221102,07792219911743,5047124,Progestágeno,oral,54672,0,progesterona_capsulas,progesterona
MAFEL 200,cáps.x 42,Megalabs Argentina,0,1,04/05/2026,174497,progesterona,,,,mg,42,unidades,Cápsulas/Softgels,,0, , ,,,Venta Bajo Receta,Nacional,No controlado, ,NO CONTROLADO,GRANDE (DE + DE 2 PRES.),Sin informacion (Sin descuento),0,00193,7791763000903,005,00224,00159,00002,undefined,00005,00002,245821000221104,07791763000903,5816263,Progestágeno,oral,48683,0,progesterona_capsulas,progesterona
UTROGESTAN,200 mg cáps.x 42,Ferring,0,1,01/05/2026,184481,progesterona,,,,mg,42,unidades,Cápsulas/Softgels,,0, , ,,,Venta Bajo Receta,Importado,No controlado, ,NO CONTROLADO,GRANDE (DE + DE 2 PRES.),50% de descuento,2,00364,7795309002581,005,00224,00159,00002,undefined,00005,00002,245751000221102,07795309002581,4974813,Progestágeno,oral,45216,125427,progesterona_capsulas,progesterona
CLIMATIX 1.25,1.25 mg comp.x 30,Siegfried,0,1,23/04/2026,37383,tibolona,,,,mg,30,unidades,Comprimidos/Pastillas/Tabletas/Grageas,,0, , ,,,Venta Bajo Receta,Nacional,No controlado, ,NO CONTROLADO,MENOR,50% de descuento,2,00903,7795380003620,001,00445,08684,00054,undefined,00005,00002,164111000221106,07798129415906,5416426,Trat.menopausia,oral,37365,21915,tibolona,tibolona
DISCRETAL 1.25,1.25 mg comp.x 30,Beta,0,1,21/04/2026,41291,tibolona,,,,mg,30,unidades,Comprimidos/Pastillas/Tabletas/Grageas,,0, , ,,,Venta Bajo Receta,Nacional,No controlado, ,NO CONTROLADO,MENOR,50% de descuento,2,00032,7795328055643,001,00445,08684,00054,undefined,00005,00002,176451000221104,07795328055643,5560842,Trat.menopausia,oral,39610,25977,tibolona,tibolona
PARACLIM 1.25,1.25 mg comp.x 30,Elea,0,1,16/04/2026,43303,tibolona,,,,mg,30,unidades,Comprimidos/Pastillas/Tabletas/Grageas,,0, , ,,,Venta Bajo Receta,Nacional,No controlado, ,NO CONTROLADO,MENOR,50% de descuento,2,00498,7796285052171,001,00445,08684,00054,undefined,00005,00002,201701000221108,07796285052171,5465551,Trat.menopausia,oral,37879,27021,tibolona,tibolona
CLIMATIX,2.5 mg comp.x 30,Siegfried,0,1,23/04/2026,46853,tibolona,,,,mg,30,unidades,Comprimidos/Pastillas/Tabletas/Grageas,,0, , ,,,Venta Bajo Receta,Nacional,No controlado, ,NO CONTROLADO,MENOR,50% de descuento,2,00903,7795380003538,001,00445,08684,00054,undefined,00005,00002,164081000221103,07798129415890,5240226,Trat.menopausia,oral,34128,26310,tibolona,tibolona
KLIMASTRESS,2.5 mg comp.x 30,Craveri,0,1,17/04/2026,49397,tibolona,,,,mg,30,unidades,Comprimidos/Pastillas/Tabletas/Grageas,,0, , ,,,Venta Bajo Receta,Nacional,No controlado, ,NO CONTROLADO,MENOR,50% de descuento,2,00056,7792234000019,001,00428,08684,00054,undefined,00005,00002,194271000221107,07792234000019,5792551,Terap.horm.reemp.p/climaterio,oral,47163,27566,tibolona,tibolona
DISCRETAL,comp.x 30,Beta,0,1,21/04/2026,57410,tibolona,,,,mg,30,unidades,Comprimidos/Pastillas/Tabletas/Grageas,,0, , ,,,Venta Bajo Receta,Nacional,No controlado, ,NO CONTROLADO,MENOR,50% de descuento,2,00032,7795328055629,001,00445,08684,00054,undefined,00005,00002,98871000221105,07795328055629,4915802,Trat.menopausia,oral,29186,34896,tibolona,tibolona
PARACLIM 2.5,2.5 mg comp.x 30,Elea,0,1,16/04/2026,58186,tibolona,,,,mg,30,unidades,Comprimidos/Pastillas/Tabletas/Grageas,,0, , ,,,Venta Bajo Receta,Importado,No controlado, ,NO CONTROLADO,MENOR,50% de descuento,2,00498,7796285049546,001,00445,08684,00054,undefined,00005,00002,200391000221108,07796285049546,4660041,Trat.menopausia,oral,25584,36306,tibolona,tibolona
TESTOVIRON DEPOT,250 mg IM iny.a.ol.x 1ml,Bayer (PH),0,1,05/05/2026,41781,testosterona,,,,mg/ml,1,unidades de 1 ml,Ampollas/Frascos-Ampolla/Liofilizados/Soluc.Parent,,0, , ,,,Venta Bajo Receta Archivada,Nacional,Venta Vigilada y Succinilcolina, ,VENTA VIGILADA,MENOR,50% de descuento,2,00214,7795320007718,001,00492,08580,00003,undefined,00013,00003,312781000221100,07795320007718,991441,Androgenoterapia,inyectable IM,8316,25566,testosterona_gel,testosterona
ANDROLONE,gel pomo x 15 g + aplic.,Beta,0,1,21/04/2026,62930,testosterona,,,,g %,1,unidades de 15 g,Cremas/Geles/Pomadas/Ungüentos,,0, , ,,,Venta Bajo Receta Archivada,Nacional,Venta Vigilada y Succinilcolina, ,VENTA VIGILADA,MENOR,50% de descuento,2,00032,7795328054332,001,00492,08580,00004,undefined,00047,00014, ,7795328054332,4909704,Androgenoterapia,transdermal,63403,49080,testosterona_gel,testosterona
NEBIDO,1000 mg vial x 1 x 4 ml,Bayer (PH),0,1,08/05/2026,275466,testosterona,,,,mg/ml,1,unidades de 4 ml,Ampollas/Frascos-Ampolla/Liofilizados/Soluc.Parent,,0, , ,,,Venta Bajo Receta Archivada,Importado,Venta Vigilada y Succinilcolina, ,VENTA VIGILADA,MENOR,50% de descuento,2,00214,7795320052084,001,00492,08580,00003,undefined,00022,00003,294151000221107,07795320052084,5361972,Androgenoterapia,inyectable IM,56782,158600,testosterona_gel,testosterona
ANDROLONE,gel sob.x 30 x 5 g,Beta,0,1,21/04/2026,102958,testosterona,,,,g %,30,unidades de 5 g,Cremas/Geles/Pomadas/Ungüentos,,0, , ,,,Venta Bajo Receta Archivada,Nacional,Venta Vigilada y Succinilcolina, ,VENTA VIGILADA,MENOR,50% de descuento,2,00032,7795328054325,001,00492,08580,00004,undefined,00016,00014,260171000221109,07795328054325,4909702,Androgenoterapia,transdermal,34309,84232,testosterona_gel,testosterona
CICATRICURE NEURO-ZEN,crema x 50 g,Genomma Lab.,0,1,07/05/2026,36900,melatonina,,,,No Clasificada,1,unidades de 50 g,Cremas/Geles/Pomadas/Ungüentos,,0, , ,,,Venta Libre,Importado,No controlado, ,NO CONTROLADO,MENOR,Sin informacion (Sin descuento),0,00715,650240072215,001,01112,00268,00004,undefined,00058,00009, ,650240072215, ,Anti Edad,uso externo,63152,0,melatonina,melatonina
SERUM NEUROZEN,sérum x 30 ml,Genomma Lab.,0,1,07/05/2026,36900,melatonina,,,,No Clasificada,1,unidades de 30 ml,Cremas/Geles/Pomadas/Ungüentos,,0, , ,,,Venta Libre,Importado,No controlado, ,NO CONTROLADO,MENOR,Sin informacion (Sin descuento),0,00715,650240077111,001,01127,00268,00004,undefined,00048,00002, ,650240077111, ,Producto Cosmético,oral,63880,0,melatonina,melatonina
ARMONIL NOCHE,3 mg comp.x 15,Teva Argentina,0,1,08/05/2026,7607,melatonina,,,,mg,15,unidades,Comprimidos/Pastillas/Tabletas/Grageas,,0, , ,,,Venta Libre,Nacional,No controlado, ,NO CONTROLADO,MENOR,Sin informacion (Sin descuento),0,00518,7795326011399,001,00212,00268,00054,undefined,00005,00002,509031000221108,07795326011399, ,Regulador sueño-vigilia,oral,61487,0,melatonina,melatonina
MELATOL,3 mg comp.ran.x 15,Laboratorio Gramon,0,1,05/05/2026,8470,melatonina,,,,mg,15,unidades,Comprimidos/Pastillas/Tabletas/Grageas,,0, , ,,,Venta Libre,Nacional,No controlado, ,NO CONTROLADO,MENOR,Sin informacion (Sin descuento),0,00763,7791984999543,001,00212,00268,00054,undefined,00005,00002,208441000221109,07791984999543, ,Regulador sueño-vigilia,oral,30811,0,melatonina,melatonina
MELATRIX,3 mg comp.x 20,Rospaw,0,1,30/04/2026,6783,melatonina,,,,mg,20,unidades,Comprimidos/Pastillas/Tabletas/Grageas,,0, , ,,,Venta Libre,Nacional,No controlado, ,NO CONTROLADO,MENOR,Sin informacion (Sin descuento),0,00651,7798118060513,001,00212,00268,00054,undefined,00005,00002,220941000221106,07798118060513, ,Regulador sueño-vigilia,oral,52503,0,melatonina,melatonina
ARMONIL NOCHE LIBERACION PROLONGADA,comp.x 21,Teva Argentina,0,1,08/05/2026,13302,melatonina,,,,No Clasificada,21,unidades,Cáps./Comp. de Liberación Controlada,,0, , ,,,Venta Libre,Importado,No controlado, ,NO CONTROLADO,MENOR,Sin informacion (Sin descuento),0,00518,7795326209673,001,00212,00268,00073,undefined,00005,00002, ,07795326209673, ,Regulador sueño-vigilia,oral,62577,0,melatonina,melatonina
HASTA MAÑANA,3 mg comp.x 30,Provefarma,0,1,26/02/2026,9870,melatonina,,,,mg,30,unidades,Comprimidos/Pastillas/Tabletas/Grageas,,0, , ,,,Venta Libre,Nacional,No controlado, ,NO CONTROLADO,MENOR,Sin informacion (Sin descuento),0,00662,7798119969785,001,00619,00268,00054,undefined,00005,00002, ,7798119969785, ,Inductor del sueño,oral,64158,0,melatonina,melatonina
BUENAS NOCHES,comp.x 30,ISA,0,1,07/04/2026,12600,melatonina,,,,mg,30,unidades,Comprimidos/Pastillas/Tabletas/Grageas,,0, , ,,,Venta Libre,Nacional,No controlado, ,NO CONTROLADO,MENOR,Sin informacion (Sin descuento),0,00372,7790839980033,001,00212,00268,00054,undefined,00005,00002,206941000221101,07790839980033, ,Regulador sueño-vigilia,oral,27503,0,melatonina,melatonina
ARMONIL NOCHE,3 mg comp.x 30,Teva Argentina,0,1,08/05/2026,14892,melatonina,,,,mg,30,unidades,Comprimidos/Pastillas/Tabletas/Grageas,,0, , ,,,Venta Libre,Nacional,No controlado, ,NO CONTROLADO,MENOR,Sin informacion (Sin descuento),0,00518,7795326003776,001,00212,00268,00054,undefined,00005,00002,174441000221105,07795326003776, ,Regulador sueño-vigilia,oral,34283,0,melatonina,melatonina
MELATOL,3 mg comp.ran.x 30,Laboratorio Gramon,0,1,05/05/2026,16521,melatonina,,,,mg,30,unidades,Comprimidos/Pastillas/Tabletas/Grageas,,0, , ,,,Venta Libre,Nacional,No controlado, ,NO CONTROLADO,SIGUIENTE,Sin informacion (Sin descuento),0,00763,7791984999550,002,00212,00268,00054,undefined,00005,00002,208431000221102,07791984999550, ,Regulador sueño-vigilia,oral,21198,0,melatonina,melatonina
MELATOL,3 mg cáps.x 30,Laboratorio Gramon,0,1,05/05/2026,16521,melatonina,,,,mg,30,unidades,Cápsulas/Softgels,,0, , ,,,Venta Libre,Nacional,No controlado, ,NO CONTROLADO,MENOR,Sin informacion (Sin descuento),0,00763,7791984999574,001,00212,00268,00002,undefined,00005,00002,208081000221109,07791984999574, ,Regulador sueño-vigilia,oral,16666,0,melatonina,melatonina
CIRCADIN,2 mg comp.lib.prol.x 30,Biopas Argentina,0,1,06/05/2026,71136,melatonina,,,,mg,30,unidades,Cáps./Comp. de Liberación Controlada,,0, , ,,,Venta Bajo Receta,Nacional,No controlado, ,NO CONTROLADO,MENOR,Sin informacion (Sin descuento),0,00823,7798260150162,001,00212,00268,00073,undefined,00005,00002,231571000221103,07798260150162,6370392,Regulador sueño-vigilia,oral,53837,0,melatonina,melatonina
MELATOL,3 mg comp.ran.x 60,Laboratorio Gramon,0,1,05/05/2026,30249,melatonina,,,,mg,60,unidades,Comprimidos/Pastillas/Tabletas/Grageas,,0, , ,,,Venta Libre,Nacional,No controlado, ,NO CONTROLADO,GIGANTE,Sin informacion (Sin descuento),0,00763,7791984999567,004,00212,00268,00054,undefined,00005,00002,208421000221100,07791984999567, ,Regulador sueño-vigilia,oral,21199,0,melatonina,melatonina
MELATOL,3 mg cáps.x 60,Laboratorio Gramon,0,1,05/05/2026,30249,melatonina,,,,mg,60,unidades,Cápsulas/Softgels,,0, , ,,,Venta Libre,Nacional,No controlado, ,NO CONTROLADO,GRANDE (DE + DE 2 PRES.),Sin informacion (Sin descuento),0,00763,7791984999581,005,00212,00268,00002,undefined,00005,00002,208091000221107,07791984999581, ,Regulador sueño-vigilia,oral,17781,0,melatonina,melatonina
MELATOL PLUS,comp.x 20,Laboratorio Gramon,0,1,05/05/2026,16310,melatonina+asoc.,,,,No Clasificada,20,unidades,Comprimidos/Pastillas/Tabletas/Grageas,,0, , ,,,Venta Libre,Nacional,No controlado, ,NO CONTROLADO,MENOR,Sin informacion (Sin descuento),0,00763,7791984999826,001,00619,00767,00054,undefined,00005,00002,237251000221102,07791984999826, ,Inductor del sueño,oral,47673,0,melatonina,melatonina
MELATOL PLUS,comp.x 30,Laboratorio Gramon,0,1,05/05/2026,23627,melatonina+asoc.,,,,No Clasificada,30,unidades,Comprimidos/Pastillas/Tabletas/Grageas,,0, , ,,,Venta Libre,Nacional,No controlado, ,NO CONTROLADO,GRANDE (DE 2 PRES.),Sin informacion (Sin descuento),0,00763,7791984999819,003,00619,00767,00054,undefined,00005,00002,237261000221100,07791984999819, ,Inductor del sueño,oral,47674,0,melatonina,melatonina
TANVIMIL ISOFLAVONAS CALCIO D3,comp.x 30,Megalabs Argentina,0,1,04/05/2026,22618,"calcio,citrato+vit.d3+isoflavon.",,,,No Clasificada,30,unidades,Comprimidos/Pastillas/Tabletas/Grageas,,0, , ,,,Venta Libre,Nacional,No controlado, ,NO CONTROLADO,MENOR,Sin informacion (Sin descuento),0,00193,7791763337894,001,00346,10365,00054,undefined,00005,00002, ,7791763337894, ,Suplemento dietario,oral,37998,0,isoflavonas,isoflavonas
TANVIMIL ISOFLAVONAS DUO,comp.rec.x 30,Megalabs Argentina,1,1,02/03/2026,9823,hipérico+soja isoflavonas,,,,No Clasificada,30,unidades,Comprimidos/Pastillas/Tabletas/Grageas,,0, , ,,,Venta Bajo Receta,Nacional,No controlado, ,NO CONTROLADO,MENOR,Sin informacion (Sin descuento),0,00193,7791763000859,001,00264,11051,00054,undefined,00005,00002,237371000221103,07791763000859,6150001,Timoléptico,oral,47938,0,isoflavonas,isoflavonas
TANVIMIL ISOFLAVONAS DUO,comp.rec.x 60,Megalabs Argentina,1,1,02/03/2026,16439,hipérico+soja isoflavonas,,,,No Clasificada,60,unidades,Comprimidos/Pastillas/Tabletas/Grageas,,0, , ,,,Venta Bajo Receta,Nacional,No controlado, ,NO CONTROLADO,GRANDE (DE 2 PRES.),Sin informacion (Sin descuento),0,00193,7791763000866,003,00264,11051,00054,undefined,00005,00002,237381000221100,07791763000866,6150002,Timoléptico,oral,47939,0,isoflavonas,isoflavonas
TANVIMIL ISOFLAVONAS CREM,cr.x 50 ml,Megalabs Argentina,0,1,04/05/2026,31921,isoflavonas de soja,,,,No Clasificada,1,unidades de 50 ml,Cremas/Geles/Pomadas/Ungüentos,,0, , ,,,Venta Libre,Nacional,No controlado, ,NO CONTROLADO,MENOR,Sin informacion (Sin descuento),0,00193,7791763003065,001,00641,01353,00004,undefined,00024,00009, ,7791763003065, ,Hidratante dérmico,uso externo,35394,0,isoflavonas,isoflavonas
TANVIMIL GEL,pomo x 20 g,Megalabs Argentina,0,1,04/05/2026,8243,isoflavonas de soja+asoc.,,,,No Clasificada,1,unidades de 20 g,Cremas/Geles/Pomadas/Ungüentos,,0, , ,,,Venta Libre,Nacional,No controlado, ,NO CONTROLADO,MENOR,Sin informacion (Sin descuento),0,00193,7791763337917,001,00237,10017,00004,undefined,00045,00009,311971000221105,07791763337917,5349422,Lubricante vaginal,uso externo,39154,0,isoflavonas,isoflavonas
TANVIMIL GEL,pomo x 60 g,Megalabs Argentina,0,1,04/05/2026,13845,isoflavonas de soja+asoc.,,,,No Clasificada,1,unidades de 60 g,Cremas/Geles/Pomadas/Ungüentos,,0, , ,,,Venta Libre,Nacional,No controlado, ,NO CONTROLADO,GRANDE (DE 2 PRES.),Sin informacion (Sin descuento),0,00193,7791763003058,003,00237,10017,00004,undefined,00051,00009,311981000221108,07791763003058,5349426,Lubricante vaginal,uso externo,36706,0,isoflavonas,isoflavonas
ALOEBEL REDENSIFICANTE,sérum cr.x 30 ml,Fortbenton,0,1,27/04/2026,46272,isoflavonas de soja+asoc.,,,,No Clasificada,1,unidades de 30 ml,Cremas/Geles/Pomadas/Ungüentos,,0, , ,,,Venta Libre,Nacional,No controlado, ,NO CONTROLADO,MENOR,Sin informacion (Sin descuento),0,00099,7794428004728,001,00412,10017,00004,undefined,00048,00009, ,7794428004728, ,Dermatocosméticos,uso externo,55589,0,isoflavonas,isoflavonas
ISOFLAVONAS DE SOJA+CALCIO 600 GARDEN HOUSE,comp.x 20,Garden House Argentina,0,1,24/04/2026,11220,isoflavonas de soja+asoc.,,,,No Clasificada,20,unidades,Comprimidos/Pastillas/Tabletas/Grageas,,0, , ,,,Venta Libre,Nacional,No controlado, ,NO CONTROLADO,MENOR,Sin informacion (Sin descuento),0,00303,7798023941198,001,00346,10017,00054,undefined,00005,00002, ,7798023941198, ,Suplemento dietario,oral,61808,0,isoflavonas,isoflavonas
ISOFLAVONAS VITAMIN WAY,cáps.x 30,Pharmamerican S.R.L.,0,1,28/03/2026,6521,isoflavonas de soja+asoc.,,,,No Clasificada,30,unidades,Cápsulas/Softgels,,0, , ,,,Venta Libre,Nacional,No controlado, ,NO CONTROLADO,MENOR,Sin informacion (Sin descuento),0,00719,7798008293885,001,00346,10017,00002,undefined,00005,00002, ,7798008293885, ,Suplemento dietario,oral,53022,0,isoflavonas,isoflavonas
TANVIMIL ISOFLAVONAS,comp.rec.x 30,Megalabs Argentina,0,1,04/05/2026,23987,isoflavonas de soja+asoc.,,,,No Clasificada,30,unidades,Comprimidos/Pastillas/Tabletas/Grageas,,0, , ,,,Venta Libre,Nacional,No controlado, ,NO CONTROLADO,MENOR,Sin informacion (Sin descuento),0,00193,7791763337863,001,00346,10017,00054,undefined,00005,00002, ,7791763337863, ,Suplemento dietario,oral,32809,0,isoflavonas,isoflavonas
ISOFLAVONAS + CALCIO,comp.x 60,Provefarma,0,1,26/02/2026,13781,isoflavonas de soja+asoc.,,,,No Clasificada,60,unidades,Comprimidos/Pastillas/Tabletas/Grageas,,0, , ,,,Venta Libre,Nacional,No controlado, ,NO CONTROLADO,MENOR,Sin informacion (Sin descuento),0,00662,7798119960218,001,00346,10017,00054,undefined,00005,00002, ,7798119960218, ,Suplemento dietario,oral,47238,0,isoflavonas,isoflavonas
ISOFLAVONAS DE SOJA+CALCIO 600 GARDEN HOUSE,comp.x 60,Garden House Argentina,0,1,24/04/2026,27990,isoflavonas de soja+asoc.,,,,No Clasificada,60,unidades,Comprimidos/Pastillas/Tabletas/Grageas,,0, , ,,,Venta Libre,Nacional,No controlado, ,NO CONTROLADO,GRANDE (DE 2 PRES.),Sin informacion (Sin descuento),0,00303,7798023940542,003,00346,10017,00054,undefined,00005,00002, ,7798023940542, ,Suplemento dietario,oral,31562,0,isoflavonas,isoflavonas
TANVIMIL ISOFLAVONAS,comp.rec.x 60,Megalabs Argentina,0,1,04/05/2026,43474,isoflavonas de soja+asoc.,,,,No Clasificada,60,unidades,Comprimidos/Pastillas/Tabletas/Grageas,,0, , ,,,Venta Libre,Nacional,No controlado, ,NO CONTROLADO,GRANDE (DE 2 PRES.),Sin informacion (Sin descuento),0,00193,7791763337870,003,00346,10017,00054,undefined,00005,00002, ,7791763337870, ,Suplemento dietario,oral,34554,0,isoflavonas,isoflavonas
PAUSAFREN T,comp.x 40,Finadiet,0,1,28/04/2026,32743,beta-alanina+oxazepam,,,,mg,40,unidades,Comprimidos/Pastillas/Tabletas/Grageas,,0, , ,,,Venta Bajo Receta Archivada,Nacional,No controlado, ,PSICOTROPICO IV,GRANDE (DE 2 PRES.),50% de descuento,2,00095,7791171100592,003,00187,01170,00054,undefined,00005,00002,244271000221100,07791171100592,295635,Ansiolítico,oral,23427,20702,oxazepam,oxazepam
INSERTEC 25,25 mg comp.ran.x 30,Baliarda,0,1,27/04/2026,12628,sertralina,,,,mg,30,unidades,Comprimidos/Pastillas/Tabletas/Grageas,,0, , ,,,Venta Bajo Receta Archivada,Nacional,No controlado, ,PSICOTROPICO IV,MENOR,50% de descuento,2,00023,7795338014739,001,00185,00245,00054,undefined,00005,00002,254101000221104,07795338014739,5024483,Antidepresivo,oral,34572,10206,sertralina,sertralina
ATENIX,25 mg comp.ran.x 30,Raffo,0,1,17/04/2026,13289,sertralina,,,,mg,30,unidades,Comprimidos/Pastillas/Tabletas/Grageas,,0, , ,,,Venta Bajo Receta Archivada,Nacional,No controlado, ,PSICOTROPICO IV,MENOR,50% de descuento,2,00192,7798084680067,001,00185,00245,00054,undefined,00005,00002,212401000221107,07798084680067,4695111,Antidepresivo,oral,26875,11316,sertralina,sertralina
VUNOT,50 mg comp.x 30,Medipharma,0,1,06/02/2026,25436,sertralina,,,,mg,30,unidades,Comprimidos/Pastillas/Tabletas/Grageas,,0, , ,,,Venta Bajo Receta Archivada,Nacional,No controlado, ,PSICOTROPICO IV,MENOR,50% de descuento,2,00119,7798030238830,001,00185,00245,00054,undefined,00005,00002,133791000221106,07798030238830,5258823,Antidepresivo,oral,37117,24176,sertralina,sertralina
SERTRALINA CEVALLOS,50 mg comp.x 30,Laboratorios Frasca,0,1,18/04/2026,25500,sertralina,,,,mg,30,unidades,Comprimidos/Pastillas/Tabletas/Grageas,,0, , ,,,Venta Bajo Receta Archivada,Nacional,No controlado, ,PSICOTROPICO IV,MENOR,Sin informacion (Sin descuento),0,00282,7798425360160,001,00185,00245,00054,undefined,00005,00002,143141000221100,07798066761036,5327841,Antidepresivo,oral,36285,0,sertralina,sertralina
SERVANTAX,50 mg comp.x 30,Vannier,0,1,08/05/2026,27944,sertralina,,,,mg,30,unidades,Comprimidos/Pastillas/Tabletas/Grageas,,0, , ,,,Venta Bajo Receta Archivada,Nacional,No controlado, ,PSICOTROPICO IV,MENOR,50% de descuento,2,00328,7795372459206,001,00185,00245,00054,undefined,00005,00002,137211000221101,07795372459206,504796,Antidepresivo,oral,39248,24913,sertralina,sertralina
SERTRALINA ROSPAW,50 mg comp.x 30,Rospaw,0,1,30/04/2026,28406,sertralina,,,,mg,30,unidades,Comprimidos/Pastillas/Tabletas/Grageas,,0, , ,,,Venta Bajo Receta Archivada,Nacional,No controlado, ,PSICOTROPICO IV,MENOR,50% de descuento,2,00651,7798118063156,001,00185,00245,00054,undefined,00005,00002,149591000221100,07798118063156,5741421,Antidepresivo,oral,43218,27849,sertralina,sertralina
STRALINA,50 mg comp.x 30,PharmaDorf,0,1,04/05/2026,28759,sertralina,,,,mg,30,unidades,Comprimidos/Pastillas/Tabletas/Grageas,,0, , ,,,Venta Bajo Receta Archivada,Nacional,No controlado, ,PSICOTROPICO IV,MENOR,Sin informacion (Sin descuento),0,00600,7798021294623,001,00185,00245,00054,undefined,00005,00002,206781000221107,07798021294623, ,Antidepresivo,oral,54899,0,sertralina,sertralina
DIMENA,50 mg comp.x 30,Lepetit,0,1,13/04/2026,30150,sertralina,,,,mg,30,unidades,Comprimidos/Pastillas/Tabletas/Grageas,,0, , ,,,Venta Bajo Receta Archivada,Nacional,No controlado, ,PSICOTROPICO IV,MENOR,50% de descuento,2,00140,7798112991455,001,00185,00245,00054,undefined,00005,00002,172751000221108,07798112991455,6010971,Antidepresivo,oral,51567,14936,sertralina,sertralina
ZOXX 50,50 mg comp.rec.x 30,Casasco,0,1,27/04/2026,30304,sertralina,,,,mg,30,unidades,Comprimidos/Pastillas/Tabletas/Grageas,,0, , ,,,Venta Bajo Receta Archivada,Nacional,No controlado, ,PSICOTROPICO IV,MENOR,50% de descuento,2,00045,7791909123053,001,00185,00245,00054,undefined,00005,00002,147201000221100,07791909123053,5684134,Antidepresivo,oral,40791,28923,sertralina,sertralina
SERLINA,50 mg comp.x 30,Rontag,0,1,01/05/2026,30321,sertralina,,,,mg,30,unidades,Comprimidos/Pastillas/Tabletas/Grageas,,0, , ,,,Venta Bajo Receta Archivada,Nacional,No controlado, ,PSICOTROPICO IV,MENOR,50% de descuento,2,00200,7798239770360,001,00185,00245,00054,undefined,00005,00002,510681000221105,07798239770360,5138573,Antidepresivo,oral,32727,29324,sertralina,sertralina
ASERTRAL,50 mg comp.ran.x 30,Roemmers,0,1,27/04/2026,30334,sertralina,,,,mg,30,unidades,Comprimidos/Pastillas/Tabletas/Grageas,,0, , ,,,Venta Bajo Receta Archivada,Nacional,No controlado, ,PSICOTROPICO IV,MENOR,50% de descuento,2,00203,7795345000565,001,00185,00245,00054,undefined,00005,00002,160381000221107,07795345000565,6022006,Antidepresivo,oral,46293,27380,sertralina,sertralina
INSERTEC 50,50 mg comp.ran.x 30,Baliarda,0,1,27/04/2026,30466,sertralina,,,,mg,30,unidades,Comprimidos/Pastillas/Tabletas/Grageas,,0, , ,,,Venta Bajo Receta Archivada,Nacional,No controlado, ,PSICOTROPICO IV,MENOR,50% de descuento,2,00023,7795338013756,001,00185,00245,00054,undefined,00005,00002,246921000221102,07795338013756,4887933,Antidepresivo,oral,28347,27110,sertralina,sertralina
IRRADIAL,50 mg comp. rec.x 30,Teva Argentina,0,1,13/04/2026,31180,sertralina,,,,mg,30,unidades,Comprimidos/Pastillas/Tabletas/Grageas,,0, , ,,,Venta Bajo Receta Archivada,Nacional,No controlado, ,PSICOTROPICO IV,MENOR,50% de descuento,2,00518,7795326011313,001,00185,00245,00054,undefined,00005,00002,464351000221106,07795326011313,6609393,Antidepresivo,oral,60931,16917,sertralina,sertralina
CADILER,50 mg comp.ran.x 30,Montpellier,0,1,30/04/2026,31580,sertralina,,,,mg,30,unidades,Comprimidos/Pastillas/Tabletas/Grageas,,0, , ,,,Venta Bajo Receta Archivada,Nacional,No controlado, ,PSICOTROPICO IV,MENOR,Sin informacion (Sin descuento),0,00162,7795378006558,001,00185,00245,00054,undefined,00005,00002, ,07795378006558,6765680,Antidepresivo,oral,62093,0,sertralina,sertralina
BICROMIL,50 mg comp.x 30,Cetus,0,1,30/04/2026,32481,sertralina,,,,mg,30,unidades,Comprimidos/Pastillas/Tabletas/Grageas,,0, , ,,,Venta Bajo Receta Archivada,Nacional,No controlado, ,PSICOTROPICO IV,MENOR,50% de descuento,2,00048,7795330000549,001,00185,00245,00054,undefined,00005,00002,126741000221108,07795330000549,4479972,Antidepresivo,oral,23735,32481,sertralina,sertralina
PSICOTIL,50 mg comp.rec.x 30,Beta,0,1,21/04/2026,32572,sertralina,,,,mg,30,unidades,Comprimidos/Pastillas/Tabletas/Grageas,,0, , ,,,Venta Bajo Receta Archivada,Nacional,No controlado, ,PSICOTROPICO IV,MENOR,Sin informacion (Sin descuento),0,00032,7795328052161,001,00185,00245,00054,undefined,00005,00002,354091000221104,07795328052161,6561841,Antidepresivo,oral,56795,0,sertralina,sertralina
ATENIX,50 mg comp.ran.x 30,Raffo,0,1,17/04/2026,34636,sertralina,,,,mg,30,unidades,Comprimidos/Pastillas/Tabletas/Grageas,,0, , ,,,Venta Bajo Receta Archivada,Nacional,No controlado, ,PSICOTROPICO IV,MENOR,50% de descuento,2,00192,7798084680081,001,00185,00245,00054,undefined,00005,00002,141651000221105,07798084680081,3607432,Antidepresivo,oral,19916,31050,sertralina,sertralina
ZOLOFT,50 mg tab.ran.x 30,Aspen Pharma,0,1,05/05/2026,35765,sertralina,,,,mg,30,unidades,Comprimidos/Pastillas/Tabletas/Grageas,,0, , ,,,Venta Bajo Receta Archivada,Nacional,No controlado, ,PSICOTROPICO IV,MENOR,50% de descuento,2,00914,7795381407106,001,00185,00245,00054,undefined,00005,00002,122251000221100,07795381407106,4071071,Antidepresivo,oral,17683,33307,sertralina,sertralina
SERTRALINA CEVALLOS,100 mg comp.x 30,Laboratorios Frasca,0,1,18/04/2026,43950,sertralina,,,,mg,30,unidades,Comprimidos/Pastillas/Tabletas/Grageas,,0, , ,,,Venta Bajo Receta Archivada,Nacional,No controlado, ,PSICOTROPICO IV,MENOR,Sin informacion (Sin descuento),0,00282,7798425360375,001,00185,00245,00054,undefined,00005,00002,143111000221104,07798066761043,5328001,Antidepresivo,oral,36286,0,sertralina,sertralina
STRALINA,100 mg comp.x 30,PharmaDorf,0,1,04/05/2026,48978,sertralina,,,,mg,30,unidades,Comprimidos/Pastillas/Tabletas/Grageas,,0, , ,,,Venta Bajo Receta Archivada,Nacional,No controlado, ,PSICOTROPICO IV,MENOR,Sin informacion (Sin descuento),0,00600,7798369791471,001,00185,00245,00054,undefined,00005,00002, ,07798369791471, ,Antidepresivo,oral,61643,0,sertralina,sertralina
DIMENA,100 mg comp.x 30,Lepetit,0,1,13/04/2026,51060,sertralina,,,,mg,30,unidades,Comprimidos/Pastillas/Tabletas/Grageas,,0, , ,,,Venta Bajo Receta Archivada,Nacional,No controlado, ,PSICOTROPICO IV,MENOR,50% de descuento,2,00140,7798112991462,001,00185,00245,00054,undefined,00005,00002,199651000221101,07798112991462,6011001,Antidepresivo,oral,51568,24643,sertralina,sertralina
INSERTEC 100,100 mg comp.ran.x 30,Baliarda,0,1,27/04/2026,51348,sertralina,,,,mg,30,unidades,Comprimidos/Pastillas/Tabletas/Grageas,,0, , ,,,Venta Bajo Receta Archivada,Nacional,No controlado, ,PSICOTROPICO IV,MENOR,50% de descuento,2,00023,7795338014302,001,00185,00245,00054,undefined,00005,00002,252711000221106,07795338014302,4888003,Antidepresivo,oral,28348,43753,sertralina,sertralina
PSICOTIL,100 mg comp.rec.x 30,Beta,0,1,21/04/2026,51420,sertralina,,,,mg,30,unidades,Comprimidos/Pastillas/Tabletas/Grageas,,0, , ,,,Venta Bajo Receta Archivada,Nacional,No controlado, ,PSICOTROPICO IV,MENOR,Sin informacion (Sin descuento),0,00032,7795328052178,001,00185,00245,00054,undefined,00005,00002,354081000221102,07795328052178, ,Antidepresivo,oral,56796,0,sertralina,sertralina
ZOXX 100,100 mg comp.rec.x 30,Casasco,0,1,27/04/2026,51516,sertralina,,,,mg,30,unidades,Comprimidos/Pastillas/Tabletas/Grageas,,0, , ,,,Venta Bajo Receta Archivada,Nacional,No controlado, ,PSICOTROPICO IV,MENOR,50% de descuento,2,00045,7791909123114,001,00185,00245,00054,undefined,00005,00002,147221000221107,07791909123114,5684264,Antidepresivo,oral,40792,48605,sertralina,sertralina
SERLINA,100 mg comp.x 30,Rontag,0,1,01/05/2026,51522,sertralina,,,,mg,30,unidades,Comprimidos/Pastillas/Tabletas/Grageas,,0, , ,,,Venta Bajo Receta Archivada,Nacional,No controlado, ,PSICOTROPICO IV,MENOR,50% de descuento,2,00200,7798239770377,001,00185,00245,00054,undefined,00005,00002,510671000221107,07798239770377,5138623,Antidepresivo,oral,32728,49828,sertralina,sertralina
ASERTRAL,100 mg comp.ran.x 30,Roemmers,0,1,27/04/2026,51523,sertralina,,,,mg,30,unidades,Comprimidos/Pastillas/Tabletas/Grageas,,0, , ,,,Venta Bajo Receta Archivada,Nacional,No controlado, ,PSICOTROPICO IV,MENOR,50% de descuento,2,00203,7795345000572,001,00185,00245,00054,undefined,00005,00002,161341000221106,07795345000572,6022136,Antidepresivo,oral,46294,40952,sertralina,sertralina
SERVANTAX,100 mg comp.x 30,Vannier,0,1,08/05/2026,52322,sertralina,,,,mg,30,unidades,Comprimidos/Pastillas/Tabletas/Grageas,,0, , ,,,Venta Bajo Receta Archivada,Nacional,No controlado, ,PSICOTROPICO IV,MENOR,Sin informacion (Sin descuento),0,00328,7795372459237,001,00185,00245,00054,undefined,00005,00002,137241000221102,07795372459237,504809,Antidepresivo,oral,39249,0,sertralina,sertralina
IRRADIAL,100 mg comp. rec.x 30,Teva Argentina,0,1,13/04/2026,53150,sertralina,,,,mg,30,unidades,Comprimidos/Pastillas/Tabletas/Grageas,,0, , ,,,Venta Bajo Receta Archivada,Nacional,No controlado, ,PSICOTROPICO IV,MENOR,50% de descuento,2,00518,7795326011320,001,00185,00245,00054,undefined,00005,00002,464341000221109,07795326011320,6609423,Antidepresivo,oral,60932,27877,sertralina,sertralina
SERTRALINA ROSPAW,100 mg comp.x 30,Rospaw,0,1,30/04/2026,53542,sertralina,,,,mg,30,unidades,Comprimidos/Pastillas/Tabletas/Grageas,,0, , ,,,Venta Bajo Receta Archivada,Nacional,No controlado, ,PSICOTROPICO IV,MENOR,50% de descuento,2,00651,7798118063163,001,00185,00245,00054,undefined,00005,00002,149631000221100,07798118063163,5741551,Antidepresivo,oral,43219,46088,sertralina,sertralina
CADILER,100 mg comp.ran.x 30,Montpellier,0,1,30/04/2026,53583,sertralina,,,,mg,30,unidades,Comprimidos/Pastillas/Tabletas/Grageas,,0, , ,,,Venta Bajo Receta Archivada,Nacional,No controlado, ,PSICOTROPICO IV,MENOR,Sin informacion (Sin descuento),0,00162,7795378006565,001,00185,00245,00054,undefined,00005,00002, ,07795378006565,6765711,Antidepresivo,oral,62094,0,sertralina,sertralina
ATENIX,100 mg comp.ran.x 30,Raffo,0,1,17/04/2026,58639,sertralina,,,,mg,30,unidades,Comprimidos/Pastillas/Tabletas/Grageas,,0, , ,,,Venta Bajo Receta Archivada,Nacional,No controlado, ,PSICOTROPICO IV,MENOR,50% de descuento,2,00192,7798084685000,001,00185,00245,00054,undefined,00005,00002,141681000221100,07798084685000,3607512,Antidepresivo,oral,41636,51166,sertralina,sertralina
ANILAR,100 mg comp.rec.x 30,Megalabs Argentina,0,1,04/05/2026,59048,sertralina,,,,mg,30,unidades,Comprimidos/Pastillas/Tabletas/Grageas,,0, , ,,,Venta Bajo Receta Archivada,Nacional,No controlado, ,PSICOTROPICO IV,MENOR,50% de descuento,2,00193,7791763001917,001,00185,00245,00054,undefined,00005,00002,160451000221106,07791763001917,5276163,Antidepresivo,oral,35160,40252,sertralina,sertralina
ZOLOFT,100 mg tab.x 30,Aspen Pharma,0,1,05/05/2026,61503,sertralina,,,,mg,30,unidades,Comprimidos/Pastillas/Tabletas/Grageas,,0, , ,,,Venta Bajo Receta Archivada,Nacional,No controlado, ,PSICOTROPICO IV,MENOR,50% de descuento,2,00914,7795381410106,001,00185,00245,00054,undefined,00005,00002,122161000221107,07795381410106,4071152,Antidepresivo,oral,23226,57964,sertralina,sertralina
SERTRALINA CEVALLOS,50 mg comp.x 60,Laboratorios Frasca,0,1,18/04/2026,44200,sertralina,,,,mg,60,unidades,Comprimidos/Pastillas/Tabletas/Grageas,,0, , ,,,Venta Bajo Receta Archivada,Nacional,No controlado, ,PSICOTROPICO IV,GRANDE (DE 2 PRES.),Sin informacion (Sin descuento),0,00282,7798425360399,003,00185,00245,00054,undefined,00005,00002, ,7798425360399,5327842,Antidepresivo,oral,63017,0,sertralina,sertralina
VUNOT,50 mg comp.x 60,Medipharma,0,1,06/02/2026,47427,sertralina,,,,mg,60,unidades,Comprimidos/Pastillas/Tabletas/Grageas,,0, , ,,,Venta Bajo Receta Archivada,Nacional,No controlado, ,PSICOTROPICO IV,GRANDE (DE 2 PRES.),50% de descuento,2,00119,7798030238847,003,00185,00245,00054,undefined,00005,00002,133801000221107,07798030238847,5258824,Antidepresivo,oral,37118,45076,sertralina,sertralina
ZOXX 50,50 mg comp.rec.x 60,Casasco,0,1,27/04/2026,50695,sertralina,,,,mg,60,unidades,Comprimidos/Pastillas/Tabletas/Grageas,,0, , ,,,Venta Bajo Receta Archivada,Nacional,No controlado, ,PSICOTROPICO IV,GRANDE (DE 2 PRES.),50% de descuento,2,00045,7791909123077,003,00185,00245,00054,undefined,00005,00002,441201000221109,07791909123077,5684136,Antidepresivo,oral,59854,45908,sertralina,sertralina
INSERTEC 50,50 mg comp.ran.x 60,Baliarda,0,1,27/04/2026,50759,sertralina,,,,mg,60,unidades,Comprimidos/Pastillas/Tabletas/Grageas,,0, , ,,,Venta Bajo Receta Archivada,Nacional,No controlado, ,PSICOTROPICO IV,GRANDE (DE 2 PRES.),50% de descuento,2,00023,7795338018782,003,00185,00245,00054,undefined,00005,00002,246931000221104,07795338018782,4887936,Antidepresivo,oral,50082,46372,sertralina,sertralina
ASERTRAL,50 mg comp.ran.x 60,Roemmers,0,1,27/04/2026,50817,sertralina,,,,mg,60,unidades,Comprimidos/Pastillas/Tabletas/Grageas,,0, , ,,,Venta Bajo Receta Archivada,Nacional,No controlado, ,PSICOTROPICO IV,GRANDE (DE 2 PRES.),50% de descuento,2,00203,7795345122908,003,00185,00245,00054,undefined,00005,00002,401961000221106,07795345122908,6022008,Antidepresivo,oral,58887,45884,sertralina,sertralina
ATENIX,50 mg comp.ran.x 60,Raffo,0,1,17/04/2026,58338,sertralina,,,,mg,60,unidades,Comprimidos/Pastillas/Tabletas/Grageas,,0, , ,,,Venta Bajo Receta Archivada,Nacional,No controlado, ,PSICOTROPICO IV,GRANDE (DE 2 PRES.),50% de descuento,2,00192,7798084680098,003,00185,00245,00054,undefined,00005,00002,141661000221107,07798084680098,3607434,Antidepresivo,oral,20681,50983,sertralina,sertralina
ZOLOFT,50 mg tab.ran.x 60,Aspen Pharma,0,1,05/05/2026,61428,sertralina,,,,mg,60,unidades,Comprimidos/Pastillas/Tabletas/Grageas,,0, , ,,,Venta Bajo Receta Archivada,Nacional,No controlado, ,PSICOTROPICO IV,GRANDE (DE 2 PRES.),Sin informacion (Sin descuento),0,00914,7795381411745,003,00185,00245,00054,undefined,00005,00002,386711000221107,07795381411745,4071072,Antidepresivo,oral,58117,0,sertralina,sertralina
SERTRALINA CEVALLOS,100 mg comp.x 60,Laboratorios Frasca,0,1,18/04/2026,78900,sertralina,,,,mg,60,unidades,Comprimidos/Pastillas/Tabletas/Grageas,,0, , ,,,Venta Bajo Receta Archivada,Nacional,No controlado, ,PSICOTROPICO IV,GRANDE (DE 2 PRES.),Sin informacion (Sin descuento),0,00282,7798425360382,003,00185,00245,00054,undefined,00005,00002, ,7798425360382,5328002,Antidepresivo,oral,63018,0,sertralina,sertralina
INSERTEC 100,100 mg comp.ran.x 60,Baliarda,0,1,27/04/2026,87382,sertralina,,,,mg,60,unidades,Comprimidos/Pastillas/Tabletas/Grageas,,0, , ,,,Venta Bajo Receta Archivada,Nacional,No controlado, ,PSICOTROPICO IV,GRANDE (DE 2 PRES.),50% de descuento,2,00023,7795338018775,003,00185,00245,00054,undefined,00005,00002,252691000221108,07795338018775,4888006,Antidepresivo,oral,50083,77571,sertralina,sertralina
ZOXX 100,100 mg comp.rec.x 60,Casasco,0,1,27/04/2026,87489,sertralina,,,,mg,60,unidades,Comprimidos/Pastillas/Tabletas/Grageas,,0, , ,,,Venta Bajo Receta Archivada,Nacional,No controlado, ,PSICOTROPICO IV,GRANDE (DE 2 PRES.),50% de descuento,2,00045,7791909123138,003,00185,00245,00054,undefined,00005,00002,441211000221107,07791909123138,5684266,Antidepresivo,oral,59853,69814,sertralina,sertralina
ASERTRAL,100 mg comp.ran.x 60,Roemmers,0,1,27/04/2026,87498,sertralina,,,,mg,60,unidades,Comprimidos/Pastillas/Tabletas/Grageas,,0, , ,,,Venta Bajo Receta Archivada,Nacional,No controlado, ,PSICOTROPICO IV,GRANDE (DE 2 PRES.),50% de descuento,2,00203,7795345122915,003,00185,00245,00054,undefined,00005,00002,401951000221109,07795345122915,6022138,Antidepresivo,oral,58894,69814,sertralina,sertralina
DROSIX,50 mg comp.lib.prol.x 30,Baliarda,0,1,27/04/2026,33768,desvenlafaxina,,,,mg,30,unidades,Cáps./Comp. de Liberación Controlada,,0, , ,,,Venta Bajo Receta Archivada,Nacional,Venta Vigilada y Succinilcolina, ,VENTA VIGILADA,MENOR,50% de descuento,2,00023,7795338019970,001,00185,10789,00073,undefined,00005,00002,241281000221104,07795338019970,6239843,Antidepresivo,oral,49725,31663,venlafaxina,venlafaxina
IXIUM,50 mg comp.lib.prol.x 30,Roemmers,0,1,27/04/2026,33778,desvenlafaxina,,,,mg,30,unidades,Cáps./Comp. de Liberación Controlada,,0, , ,,,Venta Bajo Receta Archivada,Nacional,No controlado, ,PSICOTROPICO IV,SIGUIENTE,50% de descuento,2,00203,7795345121208,002,00185,10789,00073,undefined,00005,00002,177861000221101,07795345121208,6041005,Antidepresivo,oral,47353,32216,venlafaxina,venlafaxina
VELDEX,50 mg comp.x 30,Casasco,0,1,27/04/2026,35344,desvenlafaxina,,,,mg,30,unidades,Comprimidos/Pastillas/Tabletas/Grageas,,0, , ,,,Venta Bajo Receta Archivada,Nacional,No controlado, ,PSICOTROPICO IV,MENOR,50% de descuento,2,00045,7791909422248,001,00185,10789,00054,undefined,00005,00002,241381000221106,07791909422248,6250265,Antidepresivo,oral,49692,32695,venlafaxina,venlafaxina
DESLAFAX,50 mg comp.lib.prol.x 30,Gador,0,1,29/04/2026,36141,desvenlafaxina,,,,mg,30,unidades,Cáps./Comp. de Liberación Controlada,,0, , ,,,Venta Bajo Receta Archivada,Nacional,Venta Vigilada y Succinilcolina, ,VENTA VIGILADA,MENOR,50% de descuento,2,00103,7792183000856,001,00185,10789,00073,undefined,00005,00002,177271000221109,07792183000856,6065845,Antidepresivo,oral,47844,31845,venlafaxina,venlafaxina
ALFAXIN 50,50mg comp.rec.lib.pr.x30,Bagó,0,1,29/04/2026,36538,desvenlafaxina,,,,mg,30,unidades,Cáps./Comp. de Liberación Controlada,,0, , ,,,Venta Bajo Receta Archivada,Nacional,No controlado, ,PSICOTROPICO IV,MENOR,50% de descuento,2,00021,7790375003210,001,00185,10789,00073,undefined,00005,00002,186431000221102,07790375003210,6243716,Antidepresivo,oral,49281,36538,venlafaxina,venlafaxina
FAPRIS,50mg comp.rec.lib.pr.x30,Raffo,0,1,17/04/2026,47853,desvenlafaxina,,,,mg,30,unidades,Cáps./Comp. de Liberación Controlada,,0, , ,,,Venta Bajo Receta Archivada,Nacional,Venta Vigilada y Succinilcolina, ,VENTA VIGILADA,MENOR,50% de descuento,2,00192,7798084683174,001,00185,10789,00073,undefined,00005,00002,189621000221106,07798084683174,6129004,Antidepresivo,oral,47881,35304,venlafaxina,venlafaxina
DROSIX,100mg comp.lib.prol.x 30,Baliarda,0,1,27/04/2026,56973,desvenlafaxina,,,,mg,30,unidades,Cáps./Comp. de Liberación Controlada,,0, , ,,,Venta Bajo Receta Archivada,Nacional,Venta Vigilada y Succinilcolina, ,VENTA VIGILADA,MENOR,50% de descuento,2,00023,7795338018232,001,00185,10789,00073,undefined,00005,00002,241191000221107,07795338018232,6239973,Antidepresivo,oral,49726,54511,venlafaxina,venlafaxina
IXIUM,100 mg comp.lib.prol.x30,Roemmers,0,1,27/04/2026,57017,desvenlafaxina,,,,mg,30,unidades,Cáps./Comp. de Liberación Controlada,,0, , ,,,Venta Bajo Receta Archivada,Nacional,No controlado, ,PSICOTROPICO IV,GRANDE (DE 2 PRES.),50% de descuento,2,00203,7795345000473,003,00185,10789,00073,undefined,00005,00002,177831000221107,07795345000473,6041135,Antidepresivo,oral,48658,54466,venlafaxina,venlafaxina
PRISTIQ,50 mg comp.lib.prol.x 30,Pfizer,0,1,28/04/2026,61170,desvenlafaxina,,,,mg,30,unidades,Cáps./Comp. de Liberación Controlada,,0, , ,,,Venta Bajo Receta Archivada,Importado,Venta Vigilada y Succinilcolina, ,VENTA VIGILADA,MENOR,50% de descuento,2,00179,7795381000857,001,00185,10789,00073,undefined,00005,00002,120691000221109,07795381000857,5975844,Antidepresivo,oral,48873,38754,venlafaxina,venlafaxina
DESLAFAX,100 mg comp.acc.prol.x30,Gador,0,1,29/04/2026,61470,desvenlafaxina,,,,mg,30,unidades,Comprimidos/Pastillas/Tabletas/Grageas,,0, , ,,,Venta Bajo Receta Archivada,Importado,Venta Vigilada y Succinilcolina, ,VENTA VIGILADA,MENOR,50% de descuento,2,00103,7792183001846,001,00185,10789,00054,undefined,00005,00002,198881000221104,07792183001846,6065975,Antidepresivo,oral,50767,56519,venlafaxina,venlafaxina
ALFAXIN 100,100mg comp.rec.lib.prx30,Bagó,0,1,29/04/2026,62348,desvenlafaxina,,,,mg,30,unidades,Cáps./Comp. de Liberación Controlada,,0, , ,,,Venta Bajo Receta Archivada,Nacional,No controlado, ,PSICOTROPICO IV,MENOR,50% de descuento,2,00021,7790375003227,001,00185,10789,00073,undefined,00005,00002,180211000221106,07790375003227,6243846,Antidepresivo,oral,49282,49019,venlafaxina,venlafaxina
FAPRIS,100mg comp.rec.lib.prx30,Raffo,0,1,17/04/2026,84842,desvenlafaxina,,,,mg,30,unidades,Cáps./Comp. de Liberación Controlada,,0, , ,,,Venta Bajo Receta Archivada,Nacional,Venta Vigilada y Succinilcolina, ,VENTA VIGILADA,MENOR,50% de descuento,2,00192,7798084683181,001,00185,10789,00073,undefined,00005,00002,189641000221102,07798084683181,6129134,Antidepresivo,oral,47882,64788,venlafaxina,venlafaxina
PRISTIQ,100mg comp.lib.prol.x 30,Pfizer,0,1,28/04/2026,104035,desvenlafaxina,,,,mg,30,unidades,Cáps./Comp. de Liberación Controlada,,0, , ,,,Venta Bajo Receta Archivada,Importado,Venta Vigilada y Succinilcolina, ,VENTA VIGILADA,MENOR,50% de descuento,2,00179,7795381000833,001,00185,10789,00073,undefined,00005,00002,116881000221101,07795381000833,5975971,Antidepresivo,oral,48450,65908,venlafaxina,venlafaxina
IXIUM,50 mg comp.lib.prol.x 60,Roemmers,0,1,27/04/2026,69752,desvenlafaxina,,,,mg,60,unidades,Cáps./Comp. de Liberación Controlada,,0, , ,,,Venta Bajo Receta Archivada,Nacional,No controlado, ,PSICOTROPICO IV,GRANDE (DE + DE 2 PRES.),50% de descuento,2,00203,7795345123011,005,00185,10789,00073,undefined,00005,00002,404981000221101,07795345123011,6041007,Antidepresivo,oral,58888,69751,venlafaxina,venlafaxina
PRISTIQ,50 mg comp.lib.prol.x 60,Pfizer,0,1,28/04/2026,122346,desvenlafaxina,,,,mg,60,unidades,Cáps./Comp. de Liberación Controlada,,0, , ,,,Venta Bajo Receta Archivada,Importado,Venta Vigilada y Succinilcolina, ,VENTA VIGILADA,GRANDE (DE 2 PRES.),50% de descuento,2,00179,7795381000864,003,00185,10789,00073,undefined,00005,00002,125821000221104,07795381000864,5975845,Antidepresivo,oral,48874,77503,venlafaxina,venlafaxina
EFEXOR XR,37.5 mg cáps.lib.prol.x7,Aspen Pharma,0,1,05/05/2026,9065,venlafaxina,,,,mg,7,unidades,Cáps./Comp. de Liberación Controlada,,0, , ,,,Venta Bajo Receta Archivada,Importado,No controlado, ,PSICOTROPICO IV,MENOR,50% de descuento,2,00914,7795381001106,001,00185,00169,00073,undefined,00005,00002,250611000221100,7795381001106,4477811,Antidepresivo,oral,28651,7271,venlafaxina,venlafaxina
ELAFAX LP,37.5 mg cáps.x 14,Gador,0,1,29/04/2026,13322,venlafaxina,,,,mg,14,unidades,Cáps./Comp. de Liberación Controlada,,0, , ,,,Venta Bajo Receta Archivada,Nacional,No controlado, ,PSICOTROPICO IV,MENOR,50% de descuento,2,00103,7792183488654,001,00185,00169,00073,undefined,00005,00002,250421000221107,07792183488654,5170812,Antidepresivo,oral,32710,13322,venlafaxina,venlafaxina
VENLIFAX XR 37.5,37.5mg cáps.lib.prol.x14,Baliarda,0,1,27/04/2026,13366,venlafaxina,,,,mg,14,unidades,Cáps./Comp. de Liberación Controlada,,0, , ,,,Venta Bajo Receta Archivada,Nacional,No controlado, ,PSICOTROPICO IV,MENOR,50% de descuento,2,00023,7795338016191,001,00185,00169,00073,undefined,00005,00002,250501000221104,07795338016191,5662001,Antidepresivo,oral,44547,13366,venlafaxina,venlafaxina
EFEXOR XR,75 mg cáps.lib.prol.x 14,Aspen Pharma,0,1,05/05/2026,20409,venlafaxina,,,,mg,14,unidades,Cáps./Comp. de Liberación Controlada,,0, , ,,,Venta Bajo Receta Archivada,Importado,No controlado, ,PSICOTROPICO IV,MENOR,50% de descuento,2,00914,7795381001113,001,00185,00169,00073,undefined,00005,00002,252411000221103,7795381001113,4477992,Antidepresivo,oral,28650,14550,venlafaxina,venlafaxina
SESAREN XR,75 mg cáps.x 15,Roemmers,0,1,27/04/2026,15348,venlafaxina,,,,mg,15,unidades,Cáps./Comp. de Liberación Controlada,,0, , ,,,Venta Bajo Receta Archivada,Nacional,No controlado, ,PSICOTROPICO IV,MENOR,50% de descuento,2,00203,7795345011516,001,00185,00169,00073,undefined,00005,00002,186611000221107,07795345011516,5044643,Antidepresivo,oral,31002,15082,venlafaxina,venlafaxina
SESAREN XR,150 mg cáps.x 15,Roemmers,0,1,27/04/2026,16454,venlafaxina,,,,mg,15,unidades,Cáps./Comp. de Liberación Controlada,,0, , ,,,Venta Bajo Receta Archivada,Nacional,No controlado, ,PSICOTROPICO IV,MENOR,50% de descuento,2,00203,7795345011523,001,00185,00169,00073,undefined,00005,00002,186651000221108,07795345011523,5044713,Antidepresivo,oral,31003,16454,venlafaxina,venlafaxina
SESAREN XR,225 mg cáps.x 15,Roemmers,0,1,27/04/2026,22642,venlafaxina,,,,mg,15,unidades,Cáps./Comp. de Liberación Controlada,,0, , ,,,Venta Bajo Receta Archivada,Nacional,No controlado, ,PSICOTROPICO IV,MENOR,50% de descuento,2,00203,7795345000060,001,00185,00169,00073,undefined,00005,00002,115131000221103,07795345000060,6175394,Antidepresivo,oral,48650,22642,venlafaxina,venlafaxina
SUNVEX LP,37.5 mg cáps.x 28,Casasco,0,1,27/04/2026,26749,venlafaxina,,,,mg,28,unidades,Cáps./Comp. de Liberación Controlada,,0, , ,,,Venta Bajo Receta Archivada,Nacional,No controlado, ,PSICOTROPICO IV,MENOR,50% de descuento,2,00045,7791909191014,001,00185,00169,00073,undefined,00005,00002,248451000221101,07791909191014,5742396,Antidepresivo,oral,44642,26749,venlafaxina,venlafaxina
QUILAREX XR,75 mg comp.x 28,Ariston,0,1,30/04/2026,27492,venlafaxina,,,,mg,28,unidades,Cáps./Comp. de Liberación Controlada,,0, , ,,,Venta Bajo Receta Archivada,Nacional,No controlado, ,PSICOTROPICO IV,GRANDE (DE 2 PRES.),50% de descuento,2,00013,7795349169503,003,00185,00169,00073,undefined,00005,00002,252171000221101,07795349169503,5812842,Antidepresivo,oral,43140,26717,venlafaxina,venlafaxina
ELAFAX LP,75 mg cáps.x 28,Gador,0,1,29/04/2026,27720,venlafaxina,,,,mg,28,unidades,Cáps./Comp. de Liberación Controlada,,0, , ,,,Venta Bajo Receta Archivada,Nacional,No controlado, ,PSICOTROPICO IV,MENOR,50% de descuento,2,00103,7792183487619,001,00185,00169,00073,undefined,00005,00002,251961000221103,07792183487619,4714594,Antidepresivo,oral,32712,27720,venlafaxina,venlafaxina
VENLIFAX XR 75,75 mg cáps.lib.prol.x 28,Baliarda,0,1,27/04/2026,27778,venlafaxina,,,,mg,28,unidades,Cáps./Comp. de Liberación Controlada,,0, , ,,,Venta Bajo Receta Archivada,Nacional,No controlado, ,PSICOTROPICO IV,MENOR,50% de descuento,2,00023,7795338016207,001,00185,00169,00073,undefined,00005,00002,252331000221102,07795338016207,5662132,Antidepresivo,oral,44548,27778,venlafaxina,venlafaxina
SUNVEX LP,75 mg cáps.x 28,Casasco,0,1,27/04/2026,27841,venlafaxina,,,,mg,28,unidades,Cáps./Comp. de Liberación Controlada,,0, , ,,,Venta Bajo Receta Archivada,Nacional,No controlado, ,PSICOTROPICO IV,MENOR,50% de descuento,2,00045,7791909191120,001,00185,00169,00073,undefined,00005,00002,251991000221108,07791909191120,5742426,Antidepresivo,oral,44643,27841,venlafaxina,venlafaxina
ELAFAX XR,75 mg comp.x 28,Gador,0,1,29/04/2026,28336,venlafaxina,,,,mg,28,unidades,Cáps./Comp. de Liberación Controlada,,0, , ,,,Venta Bajo Receta Archivada,Nacional,No controlado, ,PSICOTROPICO IV,MENOR,50% de descuento,2,00103,7792183487411,001,00185,00169,00073,undefined,00005,00002,252271000221105,07792183487411,4519722,Antidepresivo,oral,31492,28336,venlafaxina,venlafaxina
SESAREN XR,37.5 mg cáps.x 28,Roemmers,0,1,27/04/2026,29454,venlafaxina,,,,mg,28,unidades,Cáps./Comp. de Liberación Controlada,,0, , ,,,Venta Bajo Receta Archivada,Nacional,No controlado, ,PSICOTROPICO IV,MENOR,50% de descuento,2,00203,7795345013084,001,00185,00169,00073,undefined,00005,00002,170831000221108,07795345013084,5236207,Antidepresivo,oral,36795,29454,venlafaxina,venlafaxina
QUILAREX XR,150 mg comp.x 28,Ariston,0,1,30/04/2026,36567,venlafaxina,,,,mg,28,unidades,Cáps./Comp. de Liberación Controlada,,0, , ,,,Venta Bajo Receta Archivada,Nacional,No controlado, ,PSICOTROPICO IV,GRANDE (DE 2 PRES.),50% de descuento,2,00013,7795349169527,003,00185,00169,00073,undefined,00005,00002,250981000221104,07795349169527,5812972,Antidepresivo,oral,43142,35536,venlafaxina,venlafaxina
ELAFAX LP,150 mg cáps.x 28,Gador,0,1,29/04/2026,37004,venlafaxina,,,,mg,28,unidades,Cáps./Comp. de Liberación Controlada,,0, , ,,,Venta Bajo Receta Archivada,Nacional,No controlado, ,PSICOTROPICO IV,MENOR,50% de descuento,2,00103,7792183487633,001,00185,00169,00073,undefined,00005,00002,250951000221109,07792183487633,4714674,Antidepresivo,oral,32714,37004,venlafaxina,venlafaxina
VENLIFAX XR 150,150 mg cáps.lib.prol.x28,Baliarda,0,1,27/04/2026,37125,venlafaxina,,,,mg,28,unidades,Cáps./Comp. de Liberación Controlada,,0, , ,,,Venta Bajo Receta Archivada,Nacional,No controlado, ,PSICOTROPICO IV,MENOR,50% de descuento,2,00023,7795338016214,001,00185,00169,00073,undefined,00005,00002,251031000221105,07795338016214,5662262,Antidepresivo,oral,44549,37125,venlafaxina,venlafaxina
SUNVEX LP,150 mg cáps.x 28,Casasco,0,1,27/04/2026,37154,venlafaxina,,,,mg,28,unidades,Cáps./Comp. de Liberación Controlada,,0, , ,,,Venta Bajo Receta Archivada,Nacional,No controlado, ,PSICOTROPICO IV,MENOR,50% de descuento,2,00045,7791909191236,001,00185,00169,00073,undefined,00005,00002,248881000221108,07791909191236,5742556,Antidepresivo,oral,44644,37154,venlafaxina,venlafaxina
EFEXOR XR,75 mg cáps.lib.prol.x 28,Aspen Pharma,0,1,05/05/2026,38190,venlafaxina,,,,mg,28,unidades,Cáps./Comp. de Liberación Controlada,,0, , ,,,Venta Bajo Receta Archivada,Importado,No controlado, ,PSICOTROPICO IV,GRANDE (DE 2 PRES.),50% de descuento,2,00914,7795381001120,003,00185,00169,00073,undefined,00005,00002,252421000221108,7795381001120,4477991,Antidepresivo,oral,23543,29944,venlafaxina,venlafaxina
ELAFAX XR,150 mg comp.x 28,Gador,0,1,29/04/2026,39144,venlafaxina,,,,mg,28,unidades,Cáps./Comp. de Liberación Controlada,,0, , ,,,Venta Bajo Receta Archivada,Nacional,No controlado, ,PSICOTROPICO IV,MENOR,50% de descuento,2,00103,7792183487428,001,00185,00169,00073,undefined,00005,00002,251011000221102,07792183487428,4519802,Antidepresivo,oral,31493,39144,venlafaxina,venlafaxina
EFEXOR XR,150 mg cáps.lib.prol.x28,Aspen Pharma,0,1,05/05/2026,48098,venlafaxina,,,,mg,28,unidades,Cáps./Comp. de Liberación Controlada,,0, , ,,,Venta Bajo Receta Archivada,Importado,No controlado, ,PSICOTROPICO IV,MENOR,50% de descuento,2,00914,7795381001144,001,00185,00169,00073,undefined,00005,00002,251111000221103,7795381001144,4478061,Antidepresivo,oral,23544,40187,venlafaxina,venlafaxina
VENLAXIL 25 MG,25 mg comp.x 30,Vannier,0,1,08/05/2026,9421,venlafaxina,,,,mg,30,unidades,Comprimidos/Pastillas/Tabletas/Grageas,,0, , ,,,Venta Bajo Receta Archivada,Nacional,No controlado, ,PSICOTROPICO IV,MENOR,Sin informacion (Sin descuento),0,00328,7795372461346,001,00185,00169,00054,undefined,00005,00002, ,7795372461346,5148701,Antidepresivo,oral,63614,0,venlafaxina,venlafaxina
FAXIPAW,25 mg comp.x 30,Rospaw,0,1,30/04/2026,9568,venlafaxina,,,,mg,30,unidades,Comprimidos/Pastillas/Tabletas/Grageas,,0, , ,,,Venta Bajo Receta Archivada,Nacional,No controlado, ,PSICOTROPICO IV,MENOR,50% de descuento,2,00651,7798118063859,001,00185,00169,00054,undefined,00005,00002,375341000221105,07798118063859,6477131,Antidepresivo,oral,57306,9540,venlafaxina,venlafaxina
ELAFAX,25 mg comp.x 30,Gador,0,1,29/04/2026,10054,venlafaxina,,,,mg,30,unidades,Comprimidos/Pastillas/Tabletas/Grageas,,0, , ,,,Venta Bajo Receta Archivada,Nacional,No controlado, ,PSICOTROPICO IV,MENOR,50% de descuento,2,00103,7792183000061,001,00185,00169,00054,undefined,00005,00002,103341000221106,07792183000061,3933803,Antidepresivo,oral,15445,10054,venlafaxina,venlafaxina
VENLAXIL 50 MG,50 mg comp.x 30,Vannier,0,1,08/05/2026,13088,venlafaxina,,,,mg,30,unidades,Comprimidos/Pastillas/Tabletas/Grageas,,0, , ,,,Venta Bajo Receta Archivada,Nacional,No controlado, ,PSICOTROPICO IV,MENOR,Sin informacion (Sin descuento),0,00328,7795372461353,001,00185,00169,00054,undefined,00005,00002, ,7795372461353,5148861,Antidepresivo,oral,63615,0,venlafaxina,venlafaxina
FAXIPAW,50 mg comp.x 30,Rospaw,0,1,30/04/2026,13207,venlafaxina,,,,mg,30,unidades,Comprimidos/Pastillas/Tabletas/Grageas,,0, , ,,,Venta Bajo Receta Archivada,Nacional,No controlado, ,PSICOTROPICO IV,MENOR,50% de descuento,2,00651,7798118063866,001,00185,00169,00054,undefined,00005,00002,375361000221109,07798118063866,6477261,Antidepresivo,oral,57307,12955,venlafaxina,venlafaxina
ELAFAX,50 mg comp.x 30,Gador,0,1,29/04/2026,14270,venlafaxina,,,,mg,30,unidades,Comprimidos/Pastillas/Tabletas/Grageas,,0, , ,,,Venta Bajo Receta Archivada,Nacional,No controlado, ,PSICOTROPICO IV,MENOR,50% de descuento,2,00103,7792183000078,001,00185,00169,00054,undefined,00005,00002,127531000221105,07792183000078,3934053,Antidepresivo,oral,15446,14270,venlafaxina,venlafaxina
SESAREN,50 mg comp.x 30,Roemmers,0,1,27/04/2026,15474,venlafaxina,,,,mg,30,unidades,Comprimidos/Pastillas/Tabletas/Grageas,,0, , ,,,Venta Bajo Receta Archivada,Nacional,No controlado, ,PSICOTROPICO IV,MENOR,50% de descuento,2,00203,7795345011493,001,00185,00169,00054,undefined,00005,00002,186541000221105,07795345011493,5044435,Antidepresivo,oral,31000,15474,venlafaxina,venlafaxina
VENLAXIL 75 MG,75 mg comp.x 30,Vannier,0,1,08/05/2026,18933,venlafaxina,,,,mg,30,unidades,Comprimidos/Pastillas/Tabletas/Grageas,,0, , ,,,Venta Bajo Receta Archivada,Nacional,No controlado, ,PSICOTROPICO IV,MENOR,Sin informacion (Sin descuento),0,00328,7795372461360,001,00185,00169,00054,undefined,00005,00002, ,7795372461360,5148911,Antidepresivo,oral,63616,0,venlafaxina,venlafaxina
FAXIPAW,75 mg comp.x 30,Rospaw,0,1,30/04/2026,19160,venlafaxina,,,,mg,30,unidades,Comprimidos/Pastillas/Tabletas/Grageas,,0, , ,,,Venta Bajo Receta Archivada,Nacional,No controlado, ,PSICOTROPICO IV,MENOR,50% de descuento,2,00651,7798118063873,001,00185,00169,00054,undefined,00005,00002,375381000221102,07798118063873,6477391,Antidepresivo,oral,57308,18311,venlafaxina,venlafaxina
QUILAREX,75 mg comp.x 30,Ariston,0,1,30/04/2026,19605,venlafaxina,,,,mg,30,unidades,Comprimidos/Pastillas/Tabletas/Grageas,,0, , ,,,Venta Bajo Receta Archivada,Nacional,No controlado, ,PSICOTROPICO IV,MENOR,50% de descuento,2,00013,7795349168926,001,00185,00169,00054,undefined,00005,00002,94171000221109,07795349168926,5334001,Antidepresivo,oral,35693,19605,venlafaxina,venlafaxina
ELAFAX,75 mg comp.x 30,Gador,0,1,29/04/2026,20481,venlafaxina,,,,mg,30,unidades,Comprimidos/Pastillas/Tabletas/Grageas,,0, , ,,,Venta Bajo Receta Archivada,Nacional,No controlado, ,PSICOTROPICO IV,MENOR,50% de descuento,2,00103,7792183000085,001,00185,00169,00054,undefined,00005,00002,103361000221105,07792183000085,3934133,Antidepresivo,oral,15447,20481,venlafaxina,venlafaxina
SESAREN,75 mg comp.x 30,Roemmers,0,1,27/04/2026,21857,venlafaxina,,,,mg,30,unidades,Comprimidos/Pastillas/Tabletas/Grageas,,0, , ,,,Venta Bajo Receta Archivada,Nacional,No controlado, ,PSICOTROPICO IV,MENOR,50% de descuento,2,00203,7795345011509,001,00185,00169,00054,undefined,00005,00002,186561000221109,07795345011509,5044595,Antidepresivo,oral,31001,21857,venlafaxina,venlafaxina
MAXIBRAL XR,37.5 mg cáps.x 30,Montpellier,0,1,30/04/2026,27671,venlafaxina,,,,mg,30,unidades,Cáps./Comp. de Liberación Controlada,,0, , ,,,Venta Bajo Receta Archivada,Nacional,No controlado, ,PSICOTROPICO IV,MENOR,50% de descuento,2,00162,7795378005568,001,00185,00169,00073,undefined,00005,00002,228811000221101,07795378005568,6430392,Antidepresivo,oral,53730,27249,venlafaxina,venlafaxina
MAXIBRAL XR,75 mg cáps.x 30,Montpellier,0,1,30/04/2026,29786,venlafaxina,,,,mg,30,unidades,Cáps./Comp. de Liberación Controlada,,0, , ,,,Venta Bajo Receta Archivada,Nacional,No controlado, ,PSICOTROPICO IV,MENOR,50% de descuento,2,00162,7795378005575,001,00185,00169,00073,undefined,00005,00002,228831000221109,07795378005575,6430422,Antidepresivo,oral,53731,28512,venlafaxina,venlafaxina
SESAREN XR,75 mg cáps.x 30,Roemmers,0,1,27/04/2026,31102,venlafaxina,,,,mg,30,unidades,Cáps./Comp. de Liberación Controlada,,0, , ,,,Venta Bajo Receta Archivada,Nacional,No controlado, ,PSICOTROPICO IV,GRANDE (DE 2 PRES.),50% de descuento,2,00203,7795345012889,003,00185,00169,00073,undefined,00005,00002,186621000221102,07795345012889,5044645,Antidepresivo,oral,36796,31101,venlafaxina,venlafaxina
MAXIBRAL XR,150 mg cáps.x 30,Montpellier,0,1,30/04/2026,43098,venlafaxina,,,,mg,30,unidades,Cáps./Comp. de Liberación Controlada,,0, , ,,,Venta Bajo Receta Archivada,Nacional,No controlado, ,PSICOTROPICO IV,MENOR,50% de descuento,2,00162,7795378005582,001,00185,00169,00073,undefined,00005,00002,228851000221100,07795378005582,6430552,Antidepresivo,oral,53732,38784,venlafaxina,venlafaxina
SESAREN XR,150 mg cáps.x 30,Roemmers,0,1,27/04/2026,45130,venlafaxina,,,,mg,30,unidades,Cáps./Comp. de Liberación Controlada,,0, , ,,,Venta Bajo Receta Archivada,Nacional,No controlado, ,PSICOTROPICO IV,GRANDE (DE 2 PRES.),50% de descuento,2,00203,7795345012896,003,00185,00169,00073,undefined,00005,00002,186661000221105,07795345012896,5044715,Antidepresivo,oral,36797,45129,venlafaxina,venlafaxina
SESAREN XR,225 mg cáps.x 30,Roemmers,0,1,27/04/2026,62135,venlafaxina,,,,mg,30,unidades,Cáps./Comp. de Liberación Controlada,,0, , ,,,Venta Bajo Receta Archivada,Nacional,No controlado, ,PSICOTROPICO IV,GRANDE (DE 2 PRES.),50% de descuento,2,00203,7795345001234,003,00185,00169,00073,undefined,00005,00002,149551000221108,07795345001234,6175396,Antidepresivo,oral,48651,62135,venlafaxina,venlafaxina
XILANIC RETARD,12.5 mg comp.x 10,Siegfried,0,1,23/04/2026,2776,paroxetina,,,,mg,10,unidades,Cáps./Comp. de Liberación Controlada,,0, , ,,,Venta Bajo Receta Archivada,Nacional,No controlado, ,PSICOTROPICO IV,MENOR,Sin informacion (Sin descuento),0,00903,7798007802668,001,00185,00047,00073,undefined,00005,00002, ,7798007802668,5299171,Antidepresivo,oral,35040,0,paroxetina,paroxetina
XILANIC RETARD,25 mg comp.x 10,Siegfried,0,1,23/04/2026,3146,paroxetina,,,,mg,10,unidades,Cáps./Comp. de Liberación Controlada,,0, , ,,,Venta Bajo Receta Archivada,Nacional,No controlado, ,PSICOTROPICO IV,MENOR,Sin informacion (Sin descuento),0,00903,7798007802675,001,00185,00047,00073,undefined,00005,00002, ,7798007802675,5299221,Antidepresivo,oral,35041,0,paroxetina,paroxetina
XILANIC RETARD,25 mg comp.x 30,Siegfried,0,1,23/04/2026,9033,paroxetina,,,,mg,30,unidades,Cáps./Comp. de Liberación Controlada,,0, , ,,,Venta Bajo Receta Archivada,Nacional,No controlado, ,PSICOTROPICO IV,GRANDE (DE 2 PRES.),Sin informacion (Sin descuento),0,00903,7798007802682,003,00185,00047,00073,undefined,00005,00002, ,7798007802682,5299222,Antidepresivo,oral,35042,0,paroxetina,paroxetina
XILANIC,20 mg comp.x 30,Siegfried,0,1,23/04/2026,10097,paroxetina,,,,mg,30,unidades,Comprimidos/Pastillas/Tabletas/Grageas,,0, , ,,,Venta Bajo Receta Archivada,Nacional,No controlado, ,PSICOTROPICO IV,MENOR,Sin informacion (Sin descuento),0,00903,7798007802651,001,00185,00047,00054,undefined,00005,00002, ,7798007802651,5299011,Antidepresivo,oral,37793,0,paroxetina,paroxetina
PAROXIN,10 mg comp.rec.x 30,Rospaw,0,1,30/04/2026,24482,paroxetina,,,,mg,30,unidades,Comprimidos/Pastillas/Tabletas/Grageas,,0, , ,,,Venta Bajo Receta Archivada,Nacional,No controlado, ,PSICOTROPICO IV,MENOR,50% de descuento,2,00651,7798118061046,001,00185,00047,00054,undefined,00005,00002,225211000221107,07798118061046,6349551,Antidepresivo,oral,52187,18597,paroxetina,paroxetina
PSICOASTEN 10 MG,10 mg comp.rec.x 30,Beta,0,1,21/04/2026,24851,paroxetina,,,,mg,30,unidades,Comprimidos/Pastillas/Tabletas/Grageas,,0, , ,,,Venta Bajo Receta Archivada,Nacional,No controlado, ,PSICOTROPICO IV,MENOR,50% de descuento,2,00032,7795328058248,001,00185,00047,00054,undefined,00005,00002,93511000221106,07795328058248,4874304,Antidepresivo,oral,28151,23330,paroxetina,paroxetina
TIARIX 10,10 mg comp.rec.x 30,Casasco,0,1,27/04/2026,26157,paroxetina,,,,mg,30,unidades,Comprimidos/Pastillas/Tabletas/Grageas,,0, , ,,,Venta Bajo Receta Archivada,Nacional,No controlado, ,PSICOTROPICO IV,MENOR,50% de descuento,2,00045,7791909197900,001,00185,00047,00054,undefined,00005,00002,135691000221103,07791909197900,5205151,Antidepresivo,oral,38608,18388,paroxetina,paroxetina
MEPLAR 10,10 mg comp.rec.x 30,Baliarda,0,1,27/04/2026,26334,paroxetina,,,,mg,30,unidades,Comprimidos/Pastillas/Tabletas/Grageas,,0, , ,,,Venta Bajo Receta Archivada,Nacional,No controlado, ,PSICOTROPICO IV,MENOR,50% de descuento,2,00023,7795338014074,001,00185,00047,00054,undefined,00005,00002,253731000221108,07795338014074,4966213,Antidepresivo,oral,30536,18437,paroxetina,paroxetina
PAMOXET,20 mg comp.x 30,Megalabs Argentina,1,1,02/03/2026,33606,paroxetina,,,,mg,30,unidades,Comprimidos/Pastillas/Tabletas/Grageas,,0, , ,,,Venta Bajo Receta Archivada,Nacional,No controlado, ,PSICOTROPICO IV,MENOR,50% de descuento,2,00193,7791763001733,001,00185,00047,00054,undefined,00005,00002,155601000221106,7791763001733,4527062,Antidepresivo,oral,23077,33606,paroxetina,paroxetina
DEPAROX 20,20 mg comp.x 30,Vannier,0,1,08/05/2026,40677,paroxetina,,,,mg,30,unidades,Comprimidos/Pastillas/Tabletas/Grageas,,0, , ,,,Venta Bajo Receta Archivada,Nacional,No controlado, ,PSICOTROPICO IV,MENOR,Sin informacion (Sin descuento),0,00328,7795372461155,001,00185,00047,00054,undefined,00005,00002, ,7795372461155,5630711,Antidepresivo,oral,63484,0,paroxetina,paroxetina
PAMOXET,40 mg comp.x 30,Megalabs Argentina,1,1,02/03/2026,41845,paroxetina,,,,mg,30,unidades,Comprimidos/Pastillas/Tabletas/Grageas,,0, , ,,,Venta Bajo Receta Archivada,Nacional,No controlado, ,PSICOTROPICO IV,MENOR,50% de descuento,2,00193,7791763001726,001,00185,00047,00054,undefined,00005,00002,155641000221108,07791763001726,4527222,Antidepresivo,oral,24495,41845,paroxetina,paroxetina
PAROXIN,20 mg comp.rec.x 30,Rospaw,0,1,30/04/2026,42674,paroxetina,,,,mg,30,unidades,Comprimidos/Pastillas/Tabletas/Grageas,,0, , ,,,Venta Bajo Receta Archivada,Nacional,No controlado, ,PSICOTROPICO IV,MENOR,50% de descuento,2,00651,7798118061053,001,00185,00047,00054,undefined,00005,00002,225311000221101,07798118061053,6349711,Antidepresivo,oral,52188,39028,paroxetina,paroxetina
PSICOASTEN LC,12.5 mg comp.rec.x 30,Beta,0,1,21/04/2026,43142,paroxetina,,,,mg,30,unidades,Comprimidos/Pastillas/Tabletas/Grageas,,0, , ,,,Venta Bajo Receta Archivada,Nacional,No controlado, ,PSICOTROPICO IV,GRANDE (DE 2 PRES.),50% de descuento,2,00032,7795328058422,003,00185,00047,00054,undefined,00005,00002,93811000221108,07795328058422,5231214,Antidepresivo,oral,34305,36836,paroxetina,paroxetina
TIARIX CR,12.5 mg comp.x 30,Casasco,0,1,27/04/2026,43328,paroxetina,,,,mg,30,unidades,Comprimidos/Pastillas/Tabletas/Grageas,,0, , ,,,Venta Bajo Receta Archivada,Nacional,No controlado, ,PSICOTROPICO IV,MENOR,50% de descuento,2,00045,7791909198341,001,00185,00047,00054,undefined,00005,00002,95681000221104,07791909198341,5848712,Antidepresivo,oral,43842,31361,paroxetina,paroxetina
MEPLAR LC 12.5,12.5mg comp.lib.cont.x30,Baliarda,0,1,27/04/2026,43564,paroxetina,,,,mg,30,unidades,Cáps./Comp. de Liberación Controlada,,0, , ,,,Venta Bajo Receta Archivada,Nacional,No controlado, ,PSICOTROPICO IV,MENOR,50% de descuento,2,00023,7795338015477,001,00185,00047,00073,undefined,00005,00002,156171000221100,07795338015477,5275213,Antidepresivo,oral,50811,32669,paroxetina,paroxetina
DEPAROX 40,40 mg comp.x 30,Vannier,0,1,08/05/2026,46554,paroxetina,,,,mg,30,unidades,Comprimidos/Pastillas/Tabletas/Grageas,,0, , ,,,Venta Bajo Receta Archivada,Nacional,No controlado, ,PSICOTROPICO IV,MENOR,Sin informacion (Sin descuento),0,00328,7795372461162,001,00185,00047,00054,undefined,00005,00002, ,7795372461162,5630841,Antidepresivo,oral,63485,0,paroxetina,paroxetina
TIARIX CR,25 mg comp.x 30,Casasco,0,1,27/04/2026,48321,paroxetina,,,,mg,30,unidades,Comprimidos/Pastillas/Tabletas/Grageas,,0, , ,,,Venta Bajo Receta Archivada,Nacional,No controlado, ,PSICOTROPICO IV,MENOR,50% de descuento,2,00045,7791909198402,001,00185,00047,00054,undefined,00005,00002,187651000221106,07791909198402,5848842,Antidepresivo,oral,43843,35318,paroxetina,paroxetina
MEPLAR LC 25,25 mg comp.lib.cont.x 30,Baliarda,0,1,27/04/2026,48612,paroxetina,,,,mg,30,unidades,Cáps./Comp. de Liberación Controlada,,0, , ,,,Venta Bajo Receta Archivada,Nacional,No controlado, ,PSICOTROPICO IV,MENOR,50% de descuento,2,00023,7795338014760,001,00185,00047,00073,undefined,00005,00002,156201000221101,07795338014760,5275353,Antidepresivo,oral,34581,36102,paroxetina,paroxetina
PSICOASTEN LC,25 mg comp.rec.x 30,Beta,0,1,21/04/2026,49890,paroxetina,,,,mg,30,unidades,Comprimidos/Pastillas/Tabletas/Grageas,,0, , ,,,Venta Bajo Receta Archivada,Nacional,No controlado, ,PSICOTROPICO IV,MENOR,50% de descuento,2,00032,7795328058446,001,00185,00047,00054,undefined,00005,00002,93841000221107,07795328058446,5231374,Antidepresivo,oral,34307,42294,paroxetina,paroxetina
OPTIPAR,20 mg comp.rec.x 30,Ariston,0,1,30/04/2026,50646,paroxetina,,,,mg,30,unidades,Comprimidos/Pastillas/Tabletas/Grageas,,0, , ,,,Venta Bajo Receta Archivada,Nacional,No controlado, ,PSICOTROPICO IV,MENOR,50% de descuento,2,00013,7795349000738,001,00185,00047,00054,undefined,00005,00002,154381000221105,07795349000738,5517132,Antidepresivo,oral,50973,31252,paroxetina,paroxetina
MIXEGAN,20 mg comp.rec.x 30,Lepetit,0,1,13/04/2026,52700,paroxetina,,,,mg,30,unidades,Comprimidos/Pastillas/Tabletas/Grageas,,0, , ,,,Venta Bajo Receta Archivada,Nacional,No controlado, ,PSICOTROPICO IV,GRANDE (DE 2 PRES.),50% de descuento,2,00140,7798112991431,003,00185,00047,00054,undefined,00005,00002,219611000221100,07798112991431,6011391,Antidepresivo,oral,51687,20536,paroxetina,paroxetina
PSICOASTEN 40 MG,40 mg comp.rec.x 30,Beta,0,1,21/04/2026,56890,paroxetina,,,,mg,30,unidades,Comprimidos/Pastillas/Tabletas/Grageas,,0, , ,,,Venta Bajo Receta Archivada,Nacional,No controlado, ,PSICOTROPICO IV,MENOR,50% de descuento,2,00032,7795328058286,001,00185,00047,00054,undefined,00005,00002,93781000221106,07795328058286,4874564,Antidepresivo,oral,28153,56064,paroxetina,paroxetina
PSICOASTEN,20 mg comp.rec.x 30,Beta,0,1,21/04/2026,58439,paroxetina,,,,mg,30,unidades,Comprimidos/Pastillas/Tabletas/Grageas,,0, , ,,,Venta Bajo Receta Archivada,Nacional,No controlado, ,PSICOTROPICO IV,MENOR,50% de descuento,2,00032,7795328058224,001,00185,00047,00054,undefined,00005,00002,122751000221109,07795328058224,4448102,Antidepresivo,oral,22116,44354,paroxetina,paroxetina
SOSTEL,20 mg comp.rec.x 30,Richmond,0,1,29/04/2026,58693,paroxetina,,,,mg,30,unidades,Comprimidos/Pastillas/Tabletas/Grageas,,0, , ,,,Venta Bajo Receta Archivada,Nacional,No controlado, ,PSICOTROPICO IV,GRANDE (DE 2 PRES.),50% de descuento,2,00194,7795348250646,003,00185,00047,00054,undefined,00005,00002,243551000221107,07795348422609,5501552,Antidepresivo,oral,38409,40729,paroxetina,paroxetina
NEUROTROX,20 mg comp.x 30,Elea,0,1,16/04/2026,59581,paroxetina,,,,mg,30,unidades,Comprimidos/Pastillas/Tabletas/Grageas,,0, , ,,,Venta Bajo Receta Archivada,Nacional,No controlado, ,PSICOTROPICO IV,MENOR,50% de descuento,2,00498,7796285050603,001,00185,00047,00054,undefined,00005,00002,157791000221100,07796285050603,5105952,Antidepresivo,oral,31882,44627,paroxetina,paroxetina
AFENEXIL,20 mg comp.rec.x 30,Temis-Lostaló,0,1,29/04/2026,59751,paroxetina,,,,mg,30,unidades,Comprimidos/Pastillas/Tabletas/Grageas,,0, , ,,,Venta Bajo Receta Archivada,Nacional,No controlado, ,PSICOTROPICO IV,MENOR,50% de descuento,2,00229,7795337909418,001,00185,00047,00054,undefined,00005,00002,108461000221106,07795337909418,5150372,Antidepresivo,oral,33093,40464,paroxetina,paroxetina
PAROXETINA TEVA,20 mg comp.x 30,Teva Argentina,0,1,13/04/2026,59964,paroxetina,,,,mg,30,unidades,Comprimidos/Pastillas/Tabletas/Grageas,,0, , ,,,Venta Bajo Receta Archivada,Importado,No controlado, ,PSICOTROPICO IV,MENOR,50% de descuento,2,00518,7795326020636,001,00185,00047,00054,undefined,00005,00002,254001000221103,07795326020636,6482971,Antidepresivo,oral,55469,34066,paroxetina,paroxetina
TIARIX,20 mg comp.x 30,Casasco,0,1,27/04/2026,60102,paroxetina,,,,mg,30,unidades,Comprimidos/Pastillas/Tabletas/Grageas,,0, , ,,,Venta Bajo Receta Archivada,Nacional,No controlado, ,PSICOTROPICO IV,MENOR,50% de descuento,2,00045,7791909198150,001,00185,00047,00054,undefined,00005,00002,135711000221100,07791909198150,4066462,Antidepresivo,oral,24815,43277,paroxetina,paroxetina
MEPLAR 20,20 mg comp.rec.x 30,Baliarda,0,1,27/04/2026,60488,paroxetina,,,,mg,30,unidades,Comprimidos/Pastillas/Tabletas/Grageas,,0, , ,,,Venta Bajo Receta Archivada,Nacional,No controlado, ,PSICOTROPICO IV,GRANDE (DE 2 PRES.),50% de descuento,2,00023,7795338013992,003,00185,00047,00054,undefined,00005,00002,253751000221104,07795338013992,4773323,Antidepresivo,oral,29376,42699,paroxetina,paroxetina
PSICOASTEN LC,37.5 mg comp.rec.x 30,Beta,0,1,21/04/2026,60764,paroxetina,,,,mg,30,unidades,Comprimidos/Pastillas/Tabletas/Grageas,,0, , ,,,Venta Bajo Receta Archivada,Nacional,No controlado, ,PSICOTROPICO IV,MENOR,50% de descuento,2,00032,7795328058460,001,00185,00047,00054,undefined,00005,00002,93871000221102,07795328058460,5231424,Antidepresivo,oral,34308,33721,paroxetina,paroxetina
MEPLAR 30,30 mg comp.rec.ran.x 30,Baliarda,0,1,27/04/2026,65634,paroxetina,,,,mg,30,unidades,Comprimidos/Pastillas/Tabletas/Grageas,,0, , ,,,Venta Bajo Receta Archivada,Nacional,No controlado, ,PSICOTROPICO IV,MENOR,50% de descuento,2,00023,7795338016405,001,00185,00047,00054,undefined,00005,00002,253781000221109,07795338016405,5551713,Antidepresivo,oral,43481,44847,paroxetina,paroxetina
PAXIL CR,12.5 mg comp.x 30,GlaxoSmithKline Biopharma,0,1,30/04/2026,74179,paroxetina,,,,mg,30,unidades,Comprimidos/Pastillas/Tabletas/Grageas,,0, , ,,,Venta Bajo Receta Archivada,Importado,No controlado, ,PSICOTROPICO IV,GRANDE (DE 2 PRES.),50% de descuento,2,00107,7794640252518,003,00185,00047,00054,undefined,00005,00002,251091000221109,07798365530388,5093922,Antidepresivo,oral,35766,49047,paroxetina,paroxetina
AROPAX,20 mg comp.rec.x 30,GlaxoSmithKline Biopharma,0,1,30/04/2026,86128,paroxetina,,,,mg,30,unidades,Comprimidos/Pastillas/Tabletas/Grageas,,0, , ,,,Venta Bajo Receta Archivada,Nacional,No controlado, ,PSICOTROPICO IV,MENOR,50% de descuento,2,00107,7794640201028,001,00185,00047,00054,undefined,00005,00002,127091000221101,07798365530050,3650164,Antidepresivo,oral,14153,62697,paroxetina,paroxetina
PAXIL CR,25 mg comp.x 30,GlaxoSmithKline Biopharma,0,1,30/04/2026,96341,paroxetina,,,,mg,30,unidades,Comprimidos/Pastillas/Tabletas/Grageas,,0, , ,,,Venta Bajo Receta Archivada,Importado,No controlado, ,PSICOTROPICO IV,GRANDE (DE 2 PRES.),50% de descuento,2,00107,7794640252617,003,00185,00047,00054,undefined,00005,00002,253861000221109,07798365530395,5090602,Antidepresivo,oral,32741,65855,paroxetina,paroxetina
TIARIX,20 mg comp.x 60,Casasco,0,1,27/04/2026,105410,paroxetina,,,,mg,60,unidades,Comprimidos/Pastillas/Tabletas/Grageas,,0, , ,,,Venta Bajo Receta Archivada,Nacional,No controlado, ,PSICOTROPICO IV,GRANDE (DE 2 PRES.),50% de descuento,2,00045,7791909198167,003,00185,00047,00054,undefined,00005,00002,441171000221105,07791909198167,4066463,Antidepresivo,oral,59864,76842,paroxetina,paroxetina
GINSTAR,7.5 mg cáps.x 30,Baliarda,0,1,27/04/2026,52282,paroxetina mesilato,,,,mg,30,unidades,Comprimidos/Pastillas/Tabletas/Grageas,,0, , ,,,Venta Bajo Receta Archivada,Nacional,No controlado, ,PSICOTROPICO IV,MENOR,Sin informacion (Sin descuento),0,00023,7795338018621,001,01068,11315,00054,undefined,00005,00002,226731000221103,07795338018621,6393133,inhib.select.de la recapt.de serotonina,oral,54683,0,paroxetina,paroxetina
SONDAS GENTLECATH 08 FEM 100% HIDROFILICAS,Caja x 30 cód.421570,Convatec,0,1,04/05/2026,277566,accesorio,,,,No Clasificada,30,unidades,Accesorios medicinales,,0, , ,,,Venta Libre,Importado,No controlado, ,NO CONTROLADO,MENOR,Sin informacion (Sin descuento),0,00944,3076845515372,001,00408,10500,00034,undefined,00005,00009, ,3076845515372, ,Accesorios,uso externo,63969,0,analgesicos_fem,fem
SONDAS GENTLECATH 10 FEM 100% HIDROFILICAS,Caja x 30 cód. 421571,Convatec,0,1,04/05/2026,277566,accesorio,,,,No Clasificada,30,unidades,Accesorios medicinales,,0, , ,,,Venta Libre,Importado,No controlado, ,NO CONTROLADO,MENOR,Sin informacion (Sin descuento),0,00944,3076845515161,001,00408,10500,00034,undefined,00005,00009, ,3076845515161, ,Accesorios,uso externo,63965,0,analgesicos_fem,fem
SONDAS GENTLECATH 12 FEM 100% HIDROFILICAS,Caja x 30 cód. 421572,Convatec,0,1,04/05/2026,277566,accesorio,,,,No Clasificada,30,unidades,Accesorios medicinales,,0, , ,,,Venta Libre,Importado,No controlado, ,NO CONTROLADO,MENOR,Sin informacion (Sin descuento),0,00944,3076845515162,001,00408,10500,00034,undefined,00005,00009, ,3076845515162, ,Accesorios,uso externo,63966,0,analgesicos_fem,fem
SONDAS GENTLECATH 14 FEM 100% HIDROFILICAS,Caja x 30 cód. 421573,Convatec,0,1,04/05/2026,277566,accesorio,,,,No Clasificada,30,unidades,Accesorios medicinales,,0, , ,,,Venta Libre,Importado,No controlado, ,NO CONTROLADO,MENOR,Sin informacion (Sin descuento),0,00944,3076845515163,001,00408,10500,00034,undefined,00005,00009, ,3076845515163, ,Accesorios,uso externo,63967,0,analgesicos_fem,fem
LI-FEM,cáps.x 4,Argenfarma,0,1,02/03/2026,6747,angélica+asoc.,,,,No Clasificada,4,unidades,Cápsulas/Softgels,,0, , ,,,Venta Libre,Nacional,No controlado, ,NO CONTROLADO,MENOR,Sin informacion (Sin descuento),0,00300,7794517000297,001,00915,10993,00002,undefined,00005,00002, ,7794517000297, ,Estimulante sexual femenino,oral,49677,0,analgesicos_fem,fem
LI-FEM,cáps.x 8,Argenfarma,0,1,02/03/2026,12145,angélica+asoc.,,,,No Clasificada,8,unidades,Cápsulas/Softgels,,0, , ,,,Venta Libre,Nacional,No controlado, ,NO CONTROLADO,GRANDE (DE 2 PRES.),Sin informacion (Sin descuento),0,00300,7794517000303,003,00915,10993,00002,undefined,00005,00002, ,7794517000303, ,Estimulante sexual femenino,oral,49678,0,analgesicos_fem,fem
CELUFEM,cáps.x 30,Argenfarma,0,1,02/03/2026,4916,centella asiática+asoc.,,,,No Clasificada,30,unidades,Cápsulas/Softgels,,0, , ,,,Venta Libre,Nacional,No controlado, ,NO CONTROLADO,MENOR,Sin informacion (Sin descuento),0,00300,7794517000457,001,00032,00249,00002,undefined,00005,00002, ,7794517000457, ,Anticelulítico,oral,50533,0,analgesicos_fem,fem
CLOMIFEM,comp.x 10,Laboratorios Bernabó,0,1,24/02/2026,17582,"clomifeno,citrato",,,,mg,10,unidades,Comprimidos/Pastillas/Tabletas/Grageas,,0, , ,,,Venta Bajo Receta,Nacional,No controlado, ,NO CONTROLADO,MENOR,Sin informacion (Sin descuento),0,00157,7792175009980,001,00107,10519,00054,undefined,00005,00002,444261000221108,07792175009980,6623261,Inductor ovulación,oral,59972,0,analgesicos_fem,fem
CLOMIFEM,comp.x 20,Laboratorios Bernabó,0,1,24/02/2026,32665,"clomifeno,citrato",,,,mg,20,unidades,Comprimidos/Pastillas/Tabletas/Grageas,,0, , ,,,Venta Bajo Receta,Nacional,No controlado, ,NO CONTROLADO,GRANDE (DE 2 PRES.),Sin informacion (Sin descuento),0,00157,7792175009973,003,00107,10519,00054,undefined,00005,00002,444271000221104,07792175009973,6623265,Inductor ovulación,oral,59971,0,analgesicos_fem,fem
AFEME,comp.x 20,Cetus,0,1,30/04/2026,10641,dexclorfeniramina,,,,mg,20,unidades,Comprimidos/Pastillas/Tabletas/Grageas,,0, , ,,,Venta Bajo Receta,Nacional,No controlado, ,NO CONTROLADO,MENOR,50% de descuento,2,00048,7795330000013,001,00052,00024,00054,undefined,00005,00002,249761000221102,07795330000013,2237271,Antihistamínico,oral,11100,10641,analgesicos_fem,fem
GADOFEM,env.calend.comp.rec.x 28,Gador,0,1,29/04/2026,28134,drospirenona+estradiol,,,,mg,28,unidades,Comprimidos/Pastillas/Tabletas/Grageas,,0, , ,,,Venta Bajo Receta,Nacional,No controlado, ,NO CONTROLADO,MENOR,50% de descuento,2,00103,7792183488685,001,00326,10319,00054,undefined,00005,00002,150251000221100,07792183488685,5559001,Hormonoterapia,oral,39042,16209,analgesicos_fem,fem
EQUIFEM,comp.rec.x 28,Elea,0,1,16/04/2026,31924,drospirenona+estradiol,,,,mg,28,unidades,Comprimidos/Pastillas/Tabletas/Grageas,,0, , ,,,Venta Bajo Receta,Importado,No controlado, ,NO CONTROLADO,MENOR,Sin informacion (Sin descuento),0,00498,7796285052218,001,00326,10319,00054,undefined,00005,00002,168081000221106,07796285052218,5393681,Hormonoterapia,oral,37020,0,analgesicos_fem,fem
CYCLOFEM INY,5/25 mg a.x 1,Cassará,0,1,20/04/2026,16230,estradiol+medroxiprogesterona,,,,mg,1,unidades,Ampollas/Frascos-Ampolla/Liofilizados/Soluc.Parent,,0, , ,,,Venta Bajo Receta,Nacional,No controlado, ,NO CONTROLADO,MENOR,Sin informacion (Sin descuento),0,00046,7795373003750,001,00036,00395,00003,undefined,00005,00003, ,7795373003750,6763681,Anticonceptivo,inyectable IM,64195,0,analgesicos_fem,fem
BIOFEM,comp.rec.x 21,Biotenk,0,1,17/04/2026,15823,etinilestradiol+gestodeno,,,,mcg,21,unidades,Comprimidos/Pastillas/Tabletas/Grageas,,0, , ,,,Venta Bajo Receta,Nacional,No controlado, ,NO CONTROLADO,MENOR,Sin informacion (Sin descuento),0,00320,7796363002609,001,00403,04631,00054,undefined,00005,00002,145871000221101,07796363002609,5429261,Anovulatorio,oral,39292,0,analgesicos_fem,fem
CUIDAFEM,comp.rec.x 21,Laboratorios Bernabó,0,1,28/04/2026,18669,etinilestradiol+gestodeno,,,,mcg,21,unidades,Comprimidos/Pastillas/Tabletas/Grageas,,0, , ,,,Venta Bajo Receta,Nacional,No controlado, ,NO CONTROLADO,MENOR,50% de descuento,2,00157,7792175008235,001,00036,04631,00054,undefined,00005,00002,144201000221106,07792175008235,5432421,Anticonceptivo,oral,37810,11126,analgesicos_fem,fem
FEMIANE,grag.x 21,Raffo,0,1,17/04/2026,20200,etinilestradiol+gestodeno,,,,mcg,21,unidades,Comprimidos/Pastillas/Tabletas/Grageas,,0, , ,,,Venta Bajo Receta,Nacional,No controlado, ,NO CONTROLADO,MENOR,Sin informacion (Sin descuento),0,00192,7896006201854,001,00036,04631,00054,undefined,00005,00002,100611000221108,07896006201854,4174111,Anticonceptivo,oral,18735,0,analgesicos_fem,fem
LIBIDIFEM INCAICO,cáps. x 30,Donato Zurlo,0,1,01/04/2026,18700,"fólico,ác.+asoc.",,,,No Clasificada,30,unidades,Cápsulas/Softgels,,0, , ,,,Venta Libre,Nacional,No controlado, ,NO CONTROLADO,MENOR,Sin informacion (Sin descuento),0,00405,7797290000904,001,00346,10407,00002,undefined,00005,00002, ,7797290000904, ,Suplemento dietario,oral,64180,0,analgesicos_fem,fem
FEMIGEL,gel x 40 ml,Craveri,0,1,17/04/2026,19139,"hialurónico,ác.+asoc.",,,,No Clasificada,1,unidades de 40 ml,Cremas/Geles/Pomadas/Ungüentos,,0, , ,,,Venta Libre,Nacional,No controlado, ,NO CONTROLADO,MENOR,Sin informacion (Sin descuento),0,00056,7792234892553,001,00448,00498,00004,undefined,00071,00009, ,7792234892553, ,Humectante vaginal,uso externo,58601,0,analgesicos_fem,fem
FEMIGEL,gel x 100 ml,Craveri,0,1,17/04/2026,35477,"hialurónico,ác.+asoc.",,,,No Clasificada,1,unidades de 100 ml,Cremas/Geles/Pomadas/Ungüentos,,0, , ,,,Venta Libre,Nacional,No controlado, ,NO CONTROLADO,GRANDE (DE 2 PRES.),Sin informacion (Sin descuento),0,00056,7792234892560,003,00448,00498,00004,undefined,00021,00009, ,7792234892560, ,Humectante vaginal,uso externo,58602,0,analgesicos_fem,fem
BUSCAPINA FEM,comp.x 6,Opella Healthcare Arg.,0,1,30/04/2026,4319,"hioscina,n-butilbr.+ibuprofeno",,,,mg,6,unidades,Comprimidos/Pastillas/Tabletas/Grageas,,0, , ,,,Venta Libre,Nacional,No controlado, ,NO CONTROLADO,MENOR,Sin informacion (Sin descuento),0,00900,7795304866867,001,00543,01304,00054,undefined,00005,00002,324131000221103,07798389330117, ,Analgésico Antiespasmódico,oral,38278,0,analgesicos_fem,fem
BUSCAPINA FEM,comp.x 30,Opella Healthcare Arg.,0,1,30/04/2026,19099,"hioscina,n-butilbr.+ibuprofeno",,,,mg,30,unidades,Comprimidos/Pastillas/Tabletas/Grageas,,0, , ,,,Venta Libre,Nacional,No controlado, ,NO CONTROLADO,GRANDE (DE 2 PRES.),Sin informacion (Sin descuento),0,00900,7795304866898,003,00543,01304,00054,undefined,00005,00002,324061000221105,07798389330100, ,Analgésico Antiespasmódico,oral,38279,0,analgesicos_fem,fem
FEMOREL,150 mg comp.x 1,Elea,0,1,16/04/2026,47741,"ibandrónico,ác.",,,,mg,1,unidades,Comprimidos/Pastillas/Tabletas/Grageas,,0, , ,,,Venta Bajo Receta,Nacional,No controlado, ,NO CONTROLADO,MENOR,50% de descuento,2,00498,7796285052331,001,00784,10045,00054,undefined,00005,00002,117901000221102,07796285052331,5459421,Inhibidor resorc.osteoclástica,oral,37561,42798,analgesicos_fem,fem
FEMOREL I.V.,jga.prell.x 1,Elea,0,1,16/04/2026,161888,"ibandrónico,ác.",,,,mg/3 ml,1,unidades,Jeringa prellenada,,0, , ,,,Venta Bajo Receta,Nacional,No controlado, ,NO CONTROLADO,MENOR,50% de descuento,2,00498,7796285053208,001,00784,10045,00030,undefined,00005,00004,277651000221101,07796285053208,5599131,Inhibidor resorc.osteoclástica,inyectable IV,40013,102382,analgesicos_fem,fem
FEMOREL,150 mg comp.x 3,Elea,0,1,16/04/2026,123379,"ibandrónico,ác.",,,,mg,3,unidades,Comprimidos/Pastillas/Tabletas/Grageas,,0, , ,,,Venta Bajo Receta,Nacional,No controlado, ,NO CONTROLADO,GRANDE (DE 2 PRES.),50% de descuento,2,00498,7796285052348,003,00784,10045,00054,undefined,00005,00002,115201000221101,07796285052348,5459422,Inhibidor resorc.osteoclástica,oral,41136,101954,analgesicos_fem,fem
FEMOREL MAX,comp.rec.x1+comp.rec.x30,Elea,0,1,16/04/2026,73528,"ibandrónico,ác.+asoc.",,,,No Clasificada,31,unidades,Comprimidos/Pastillas/Tabletas/Grageas,,0, , ,,,Venta Bajo Receta,Nacional,No controlado, ,NO CONTROLADO,MENOR,50% de descuento,2,00498,7796285052676,001,00784,10399,00054,undefined,00005,00002,214241000221100,07796285052676,5514971,Inhibidor resorc.osteoclástica,oral,38781,47014,analgesicos_fem,fem
IBUCLER FEM,comp.x 8,Monserrat,0,1,25/04/2026,3400,ibuprofeno+homatropina,,,,mg,8,unidades,Comprimidos/Pastillas/Tabletas/Grageas,,0, , ,,,Venta Libre,Nacional,No controlado, ,NO CONTROLADO,MENOR,Sin informacion (Sin descuento),0,00154,7795334538024,001,00543,05192,00054,undefined,00005,00002,205371000221102,07795334538024, ,Analgésico Antiespasmódico,oral,45777,0,analgesicos_fem,fem
IBUFEM,comp.x 8,Biotenk,0,1,17/04/2026,3631,ibuprofeno+homatropina,,,,mg,8,unidades,Comprimidos/Pastillas/Tabletas/Grageas,,0, , ,,,Venta Libre,Nacional,No controlado, ,NO CONTROLADO,MENOR,Sin informacion (Sin descuento),0,00320,7796363003057,001,00543,05192,00054,undefined,00005,00002,170131000221104,07796363003057,5723972,Analgésico Antiespasmódico,oral,41533,0,analgesicos_fem,fem
PARATROPINA FEM V.L.,comp.rec.x 10,Lazar,0,1,20/04/2026,3971,ibuprofeno+homatropina,,,,mg,10,unidades,Comprimidos/Pastillas/Tabletas/Grageas,,0, , ,,,Venta Libre,Nacional,No controlado, ,NO CONTROLADO,MENOR,Sin informacion (Sin descuento),0,00138,7795347946106,001,00543,05192,00054,undefined,00005,00002,136221000221109,07795347946106, ,Analgésico Antiespasmódico,oral,50793,0,analgesicos_fem,fem
IBUPIRAC FEM,comp.x 10,Pfizer,0,1,28/04/2026,5916,ibuprofeno+homatropina,,,,mg,10,unidades,Comprimidos/Pastillas/Tabletas/Grageas,,0, , ,,,Venta Libre,Nacional,No controlado, ,NO CONTROLADO,MENOR,Sin informacion (Sin descuento),0,00179,7795381001656,001,00543,05192,00054,undefined,00005,00002,150061000221108,07795381001656, ,Analgésico Antiespasmódico,oral,51741,0,analgesicos_fem,fem
OPTIMIZE FEM,cáps.x 4,Eurolab,0,1,21/04/2026,8250,l-arginina+ginseng+asoc.,,,,No Clasificada,4,unidades,Cápsulas/Softgels,,0, , ,,,Venta Libre,Nacional,No controlado, ,NO CONTROLADO,MENOR,Sin informacion (Sin descuento),0,00633,7798122340946,001,00915,11049,00002,undefined,00005,00002, ,7798122340946, ,Estimulante sexual femenino,oral,51826,0,analgesicos_fem,fem
FEMARA,2.5 mg comp.x 30,Novartis,0,1,04/05/2026,242998,letrozol,,,,mg,30,unidades,Comprimidos/Pastillas/Tabletas/Grageas,,0, , ,,,Venta Bajo Receta Archivada,Importado,No controlado, ,NO CONTROLADO,MENOR,Sin informacion (Sin descuento),0,00049,7795306058154,001,00055,01169,00054,undefined,00005,00002,198631000221104,07795306058154,4347881,Antineoplásico,oral,21163,0,analgesicos_fem,fem
SECUFEM 1.5 MG,1.5 mg comp.x 1,Elea,0,1,16/04/2026,10595,levonorgestrel,,,,mg,1,unidades,Comprimidos/Pastillas/Tabletas/Grageas,,0, , ,,,Venta Libre,Importado,No controlado, ,NO CONTROLADO,MENOR,Sin informacion (Sin descuento),0,00498,7796285053369,001,00036,01300,00054,undefined,00005,00002,97251000221103,07796285053369,5796131,Anticonceptivo,oral,43006,0,analgesicos_fem,fem
MICROFEM MAX,comp.rec.x 21,Lafedar,0,1,18/04/2026,8390,levonorgestrel+etinilestradiol,,,,mcg,21,unidades,Comprimidos/Pastillas/Tabletas/Grageas,,0, , ,,,Venta Bajo Receta,Nacional,No controlado, ,NO CONTROLADO,MENOR,Sin informacion (Sin descuento),0,00397,7798369791211,001,00036,05788,00054,undefined,00005,00002, ,7798369791211,673526,Anticonceptivo,oral,63491,0,analgesicos_fem,fem
FEMEXIN,comp.x 21,Elea,0,1,16/04/2026,8884,levonorgestrel+etinilestradiol,,,,mcg,21,unidades,Comprimidos/Pastillas/Tabletas/Grageas,,0, , ,,,Venta Bajo Receta,Importado,No controlado, ,NO CONTROLADO,MENOR,50% de descuento,2,00498,7796285049775,001,00036,05788,00054,undefined,00005,00002,117581000221102,07796285049775,4744371,Anticonceptivo,oral,26409,6321,analgesicos_fem,fem
FEMEXIN 28,comp.x 28,Elea,0,1,16/04/2026,9515,levonorgestrel+etinilestradiol,,,,mcg,28,unidades,Comprimidos/Pastillas/Tabletas/Grageas,,0, , ,,,Venta Bajo Receta,Importado,No controlado, ,NO CONTROLADO,MENOR,50% de descuento,2,00498,7796285050870,001,00036,05788,00054,undefined,00005,00002,134301000221100,07796285050870,4744372,Anticonceptivo,oral,33944,6445,analgesicos_fem,fem
VIASEK FEM CUIDADOS INTIMOS,fco. x 75 ml (66 g),Eurolab,0,1,21/04/2026,17600,"láctico,ác.+asoc.",,,,No Clasificada,1,unidades de 75 ml,Espumas,,0, , ,,,Venta Libre,Nacional,No controlado, ,NO CONTROLADO,MENOR,Sin informacion (Sin descuento),0,00633,7798122341684,001,00753,00755,00051,undefined,00104,00009, ,7798122341684, ,Higiene vaginal,uso externo,60660,0,analgesicos_fem,fem
OVUFEM,comp.rec.x 8,Laboratorios Bernabó,0,1,28/04/2026,8119,metronidazol,,,,mg,8,unidades,Comprimidos/Pastillas/Tabletas/Grageas,,0, , ,,,Venta Bajo Receta Archivada,Nacional,Venta Vigilada y Succinilcolina, ,VENTA VIGILADA,MENOR,50% de descuento,2,00157,7792175008655,001,00616,06266,00054,undefined,00005,00002,138751000221108,07792175008655,5650841,Tricomonicida Amebicida,oral,40582,5936,analgesicos_fem,fem
OVUFEM,comp.rec.x 20,Laboratorios Bernabó,0,1,28/04/2026,18179,metronidazol,,,,mg,20,unidades,Comprimidos/Pastillas/Tabletas/Grageas,,0, , ,,,Venta Bajo Receta Archivada,Nacional,Venta Vigilada y Succinilcolina, ,VENTA VIGILADA,GRANDE (DE 2 PRES.),50% de descuento,2,00157,7792175008662,003,00616,06266,00054,undefined,00005,00002,138741000221106,07792175008662,5650844,Tricomonicida Amebicida,oral,40583,13705,analgesicos_fem,fem
OVUFEM,óv.x 6,Laboratorios Bernabó,0,1,28/04/2026,17054,miconazol+metronidazol+asoc.,,,,mg,6,unidades,Ovulos/Comprimidos vaginales,,0, , ,,,Venta Bajo Receta,Nacional,No controlado, ,NO CONTROLADO,MENOR,40% de descuento,7,00157,7792175008631,001,00625,06340,00007,undefined,00005,00011,237071000221101,07792175008631,5623421,Tricomonicida Antimicótico,vaginal,40580,0,analgesicos_fem,fem
OVUFEM,óv.x 12,Laboratorios Bernabó,0,1,28/04/2026,30621,miconazol+metronidazol+asoc.,,,,mg,12,unidades,Ovulos/Comprimidos vaginales,,0, , ,,,Venta Bajo Receta,Nacional,No controlado, ,NO CONTROLADO,GRANDE (DE 2 PRES.),40% de descuento,7,00157,7792175008648,003,00625,06340,00007,undefined,00005,00011,237061000221105,07792175008648,5623422,Tricomonicida Antimicótico,vaginal,40581,0,analgesicos_fem,fem
FEMIDEN,comp.rec.x 28,Gador,0,1,29/04/2026,32708,"nomegestrol,acetato+estradiol",,,,mg,28,unidades,Comprimidos/Pastillas/Tabletas/Grageas,,0, , ,,,Venta Bajo Receta,Nacional,No controlado, ,NO CONTROLADO,MENOR,Sin informacion (Sin descuento),0,00103,7792183001464,001,00036,10938,00054,undefined,00005,00002,109161000221109,07792183001464,6240841,Anticonceptivo,oral,49399,0,analgesicos_fem,fem
FEMALVI,comp.x 28 (24+4),Raffo,0,1,17/04/2026,32858,"nomegestrol,acetato+estradiol",,,,mg,28,unidades,Comprimidos/Pastillas/Tabletas/Grageas,,0, , ,,,Venta Bajo Receta,Nacional,No controlado, ,NO CONTROLADO,MENOR,Sin informacion (Sin descuento),0,00192,7798084686236,001,00036,10938,00054,undefined,00005,00002,377611000221109,07798084686236,6577261,Anticonceptivo,oral,56913,0,analgesicos_fem,fem
PIRFEMAX 801,801 mg comp.rec.x 100,Finadiet,0,1,04/05/2026,13241561,pirfenidona,,,,mg,100,unidades,Comprimidos/Pastillas/Tabletas/Grageas,,0, , ,,,Venta Bajo Receta Archivada,Nacional,No controlado, ,NO CONTROLADO,MENOR,Sin informacion (Sin descuento),0,00095,7791171102503,001,00901,10932,00054,undefined,00005,00002,510561000221104,07791171102503,6743261,Trat.de la fibrosis ideopática,oral,61310,0,analgesicos_fem,fem
PIRFEMAX,200 mg comp.rec.x 200,Finadiet,0,1,04/05/2026,7623658,pirfenidona,,,,mg,200,unidades,Comprimidos/Pastillas/Tabletas/Grageas,,0, , ,,,Venta Bajo Receta Archivada,Nacional,No controlado, ,NO CONTROLADO,MENOR,Sin informacion (Sin descuento),0,00095,7791171102169,001,00901,10932,00054,undefined,00005,00002,328041000221103,07791171102169,6543842,Trat.de la fibrosis ideopática,oral,56098,0,analgesicos_fem,fem
PIRFEMAX,200 mg comp.rec.x 360,Finadiet,0,1,04/05/2026,13173399,pirfenidona,,,,mg,360,unidades,Comprimidos/Pastillas/Tabletas/Grageas,,0, , ,,,Venta Bajo Receta Archivada,Nacional,No controlado, ,NO CONTROLADO,GRANDE (DE 2 PRES.),Sin informacion (Sin descuento),0,00095,7791171102145,003,00901,10932,00054,undefined,00005,00002,328051000221101,07791171102145,6543843,Trat.de la fibrosis ideopática,oral,56099,0,analgesicos_fem,fem
DHEA FEM,óv. x 14,Casasco,0,1,27/04/2026,27733,prasterona,,,,mg,14,unidades,Ovulos/Comprimidos vaginales,,0, , ,,,Venta Bajo Receta,Nacional,No controlado, ,NO CONTROLADO,MENOR,Sin informacion (Sin descuento),0,00045,7791909339904,001,00090,11646,00007,undefined,00005,00011, ,7791909339904,6818001,Estrogenoterapia,vaginal,64139,0,analgesicos_fem,fem
FEMTERONA,óv. x 14,Beta,0,1,21/04/2026,27909,prasterona,,,,mg,28,unidades,Ovulos/Comprimidos vaginales,,0, , ,,,Venta Bajo Receta,Nacional,No controlado, ,NO CONTROLADO,MENOR,Sin informacion (Sin descuento),0,00032,7795328050327,001,00090,11646,00007,undefined,00005,00011, ,07795328050327,6731682,Estrogenoterapia,vaginal,62092,0,analgesicos_fem,fem
DHEA FEM,óv. x 28,Casasco,0,1,27/04/2026,50883,prasterona,,,,mg,28,unidades,Ovulos/Comprimidos vaginales,,0, , ,,,Venta Bajo Receta,Nacional,No controlado, ,NO CONTROLADO,GRANDE (DE 2 PRES.),Sin informacion (Sin descuento),0,00045,7791909339911,003,00090,11646,00007,undefined,00005,00011, ,7791909339911,6818002,Estrogenoterapia,vaginal,64140,0,analgesicos_fem,fem
FEMTERONA,óv. x 28 + aplic. x 6,Beta,0,1,21/04/2026,51206,prasterona,,,,mg,28,unidades,Ovulos/Comprimidos vaginales,,0, , ,,,Venta Bajo Receta,Nacional,No controlado, ,NO CONTROLADO,MENOR,Sin informacion (Sin descuento),0,00032,7795328050334,001,00090,11646,00007,undefined,00005,00011,449871000221104,07795328050334,6731681,Estrogenoterapia,vaginal,60527,0,analgesicos_fem,fem
GESTFEM,cáps.x 30,Laboratorios Bernabó,0,1,24/02/2026,42576,progesterona,,,,mg,30,unidades,Cápsulas/Softgels,,0, , ,,,Venta Bajo Receta,Nacional,No controlado, ,NO CONTROLADO,MENOR,50% de descuento,2,00157,7792175009997,001,00224,00159,00002,undefined,00005,00002,443581000221101,07792175009997,6416393,Progestágeno,oral,59973,34650,analgesicos_fem,fem
SERTAL FEM,cáps.blandas x 10,Roemmers,0,1,27/04/2026,5681,propinox,,,,mg,10,unidades,Cápsulas/Softgels,,0, , ,,,Venta Libre,Nacional,No controlado, ,NO CONTROLADO,SIGUIENTE,Sin informacion (Sin descuento),0,00203,7795345122663,002,00042,07868,00002,undefined,00005,00002,428541000221103,07795345122663, ,Antiespasmódico,oral,59338,0,analgesicos_fem,fem
SERTAL FEM,cáps.blandas x 20,Roemmers,0,1,27/04/2026,11357,propinox,,,,mg,20,unidades,Cápsulas/Softgels,,0, , ,,,Venta Libre,Nacional,No controlado, ,NO CONTROLADO,GRANDE (DE + DE 2 PRES.),Sin informacion (Sin descuento),0,00203,7795345121864,005,00042,07868,00002,undefined,00005,00002,327691000221101,07795345121864, ,Antiespasmódico,oral,56272,0,analgesicos_fem,fem
VALCATIL MAX D3,cáps.blandas x 30,Panalab,0,1,04/05/2026,39788,aminoácidos+vitaminas,,,,No Clasificada,30,unidades,Cápsulas/Softgels,,0, , ,,,Venta Libre,Nacional,No controlado, ,NO CONTROLADO,MENOR,Sin informacion (Sin descuento),0,00466,7798051853920,001,00346,11304,00002,undefined,00005,00002, ,7798051853920, ,Suplemento dietario,oral,59593,0,vitamina,vitamina
VALCATIL MAX D3,cáps.blandas x 60,Panalab,0,1,04/05/2026,74736,aminoácidos+vitaminas,,,,No Clasificada,60,unidades,Cápsulas/Softgels,,0, , ,,,Venta Libre,Nacional,No controlado, ,NO CONTROLADO,SIGUIENTE,Sin informacion (Sin descuento),0,00466,7798051853982,002,00346,11304,00002,undefined,00005,00002, ,7798051853982, ,Suplemento dietario,oral,59594,0,vitamina,vitamina
VALCATIL MAX D3,cáps.blandas x 90,Panalab,0,1,04/05/2026,101695,aminoácidos+vitaminas,,,,No Clasificada,90,unidades,Cápsulas/Softgels,,0, , ,,,Venta Libre,Nacional,No controlado, ,NO CONTROLADO,GRANDE (DE + DE 2 PRES.),Sin informacion (Sin descuento),0,00466,7798051854842,005,00346,11304,00002,undefined,00005,00002, ,7798051854842, ,Suplemento dietario,oral,61677,0,vitamina,vitamina
ARANDANO + VITAMINA C,comp.x 30,Lafarmen,0,1,10/03/2026,10000,"arándano,ext.+asoc.",,,,No Clasificada,30,unidades,Comprimidos/Pastillas/Tabletas/Grageas,,0, , ,,,Venta Libre,Nacional,No controlado, ,NO CONTROLADO,MENOR,Sin informacion (Sin descuento),0,00398,7798026677551,001,00346,10360,00054,undefined,00005,00002, ,7798026677551, ,Suplemento dietario,oral,61238,0,vitamina,vitamina
ARANDANO + VITAMINA C,comp.x 150,Lafarmen,0,1,27/03/2026,52500,"arándano,ext.+asoc.",,,,No Clasificada,150,unidades,Comprimidos/Pastillas/Tabletas/Grageas,,0, , ,,,Venta Libre,Nacional,No controlado, ,NO CONTROLADO,GRANDE (DE 2 PRES.),Sin informacion (Sin descuento),0,00398,7798026677711,003,00346,10360,00054,undefined,00005,00002, ,7798026677711, ,Suplemento dietario,oral,61713,0,vitamina,vitamina
SIMPLE CALCIO + VITAMINA D,doy pack past.de gomax28,Bagó-Arcor,0,1,29/04/2026,14192,calcio+vit.d,,,,No Clasificada,60,unidades,Caramelos,,0, , ,,,Venta Libre,Nacional,No controlado, ,NO CONTROLADO,MENOR,Sin informacion (Sin descuento),0,00869,7790580125684,001,00346,00925,00014,undefined,00005,00002, ,7790580125684, ,Suplemento dietario,oral,56527,0,vitamina,vitamina
SIMPLE CALCIO + VITAMINA D,pastillas de goma x 60,Bagó-Arcor,0,1,29/04/2026,27696,calcio+vit.d,,,,No Clasificada,60,unidades,Caramelos,,0, , ,,,Venta Libre,Nacional,No controlado, ,NO CONTROLADO,MENOR,Sin informacion (Sin descuento),0,00869,7790580119614,001,00346,00925,00014,undefined,00005,00002, ,7790580119614, ,Suplemento dietario,oral,54939,0,vitamina,vitamina
TOTALFER,cáps.x 30,Ariston,0,1,30/04/2026,91278,hierro+vitaminas,,,,No Clasificada,30,unidades,Cápsulas/Softgels,,0, , ,,,Venta Libre,Importado,No controlado, ,NO CONTROLADO,MENOR,Sin informacion (Sin descuento),0,00013,8033011160106,001,00346,01023,00002,undefined,00005,00002, ,8033011160106, ,Suplemento dietario,oral,60547,0,vitamina,vitamina
MAGNESIO Y VITAMINA D INCAICO,comp.x 30,Donato Zurlo,0,1,01/04/2026,8800,magnesio+asoc.,,,,No Clasificada,30,unidades,Comprimidos/Pastillas/Tabletas/Grageas,,0, , ,,,Venta Libre,Nacional,No controlado, ,NO CONTROLADO,MENOR,Sin informacion (Sin descuento),0,00405,7797290000249,001,00346,00062,00054,undefined,00005,00002, ,7797290000249, ,Suplemento dietario,oral,37300,0,vitamina,vitamina
MAGNESIO Y VITAMINA D INCAICO,blistera comp.x 200,Donato Zurlo,0,1,01/04/2026,52300,magnesio+asoc.,,,,No Clasificada,200,unidades,Comprimidos/Pastillas/Tabletas/Grageas,,0, , ,,,Venta Libre,Nacional,No controlado, ,NO CONTROLADO,GRANDE (DE 2 PRES.),Sin informacion (Sin descuento),0,00405,7797290000577,003,00346,00062,00054,undefined,00005,00002, ,7797290000577, ,Suplemento dietario,oral,61298,0,vitamina,vitamina
TOTAL MAGNESIANO VITAMINA C,comp.eferv.x 24,Temis-Lostaló,0,1,29/04/2026,42353,magnesio+vit.c,,,,No Clasificada,24,unidades,Comprimidos/Pastillas/Tabletas/Grageas,,0, , ,,,Venta Bajo Receta,Nacional,No controlado, ,NO CONTROLADO,MENOR,40% de descuento,7,00229,7795337904314,001,00683,10134,00054,undefined,00005,00002,236951000221107,07795337904314,2774271,Reconstituyente gral.,oral,9453,0,vitamina,vitamina
TOTAL MAGNESIANO VITAMINA C,pvo.eferv.sob.x 30,Temis-Lostaló,0,1,29/04/2026,51820,magnesio+vit.c,,,,No Clasificada,30,unidades,Jarabe/Suspensión oral/Polvo para uso oral,,0, , ,,,Venta Bajo Receta,Nacional,No controlado, ,NO CONTROLADO,MENOR,40% de descuento,7,00229,7795337901122,001,00683,10134,00010,undefined,00005,00002, ,7795337901122,3023493,Reconstituyente gral.,oral,45693,0,vitamina,vitamina
BIFERDIL LINEA NUTRI CON VITAMINA E,nutri cream vitE x 115 g,Biferdil,0,1,09/01/2026,5262,producto cosmético,,,,No Clasificada,1,unidades de 115 g,Cremas/Geles/Pomadas/Ungüentos,,0, , ,,,No Clasificados / VL para Mf,Nacional,No controlado, ,NO CONTROLADO,MENOR,Sin informacion (Sin descuento),0,00449,7791001000948,001,00412,10630,00004,undefined,00217,00001, ,7791001000948, ,Dermatocosméticos,No Clasificada,21382,0,vitamina,vitamina
BIFERDIL LINEA NUTRI CON VITAMINA E,nutri báls.vitE x 200 ml,Biferdil,0,1,09/01/2026,7463,producto cosmético,,,,No Clasificada,1,unidades de 200 ml,Crema de enjuague,,0, , ,,,No Clasificados / VL para Mf,Nacional,No controlado, ,NO CONTROLADO,MENOR,Sin informacion (Sin descuento),0,00449,7791001000023,001,00412,10630,00026,undefined,00025,00001, ,7791001000023, ,Dermatocosméticos,No Clasificada,21379,0,vitamina,vitamina
BIFERDIL LINEA NUTRI CON VITAMINA E,nutri shamp.vitE x 200ml,Biferdil,0,1,09/01/2026,7463,producto cosmético,,,,No Clasificada,1,unidades de 200 ml,Shampoo/Jabón líquido,,0, , ,,,No Clasificados / VL para Mf,Nacional,No controlado, ,NO CONTROLADO,MENOR,Sin informacion (Sin descuento),0,00449,7791001000047,001,00412,10630,00012,undefined,00025,00001, ,7791001000047, ,Dermatocosméticos,No Clasificada,21376,0,vitamina,vitamina
BIFERDIL LINEA PRO VITAMINA B5,recuperador báls.x 200ml,Biferdil,0,1,09/01/2026,8457,producto cosmético,,,,No Clasificada,1,unidades de 200 ml,Crema de enjuague,,0, , ,,,No Clasificados / VL para Mf,Nacional,No controlado, ,NO CONTROLADO,MENOR,Sin informacion (Sin descuento),0,00449,7791001000115,001,00412,10630,00026,undefined,00025,00001, ,7791001000115, ,Dermatocosméticos,No Clasificada,21443,0,vitamina,vitamina
BIFERDIL LINEA PRO VITAMINA B5,shamp.x 200 ml,Biferdil,0,1,09/01/2026,8457,producto cosmético,,,,No Clasificada,1,unidades de 200 ml,Shampoo/Jabón líquido,,0, , ,,,No Clasificados / VL para Mf,Nacional,No controlado, ,NO CONTROLADO,MENOR,Sin informacion (Sin descuento),0,00449,7791001000092,001,00412,10630,00012,undefined,00025,00001, ,7791001000092, ,Dermatocosméticos,No Clasificada,21439,0,vitamina,vitamina
BIFERDIL LINEA NUTRI CON VITAMINA E,másc.nutri creamx 150 ml,Biferdil,0,1,09/01/2026,8745,producto cosmético,,,,No Clasificada,1,unidades de 150 ml,Emulsiones/Leches de Limpieza,,0, , ,,,Venta Libre,Nacional,No controlado, ,NO CONTROLADO,MENOR,Sin informacion (Sin descuento),0,00449,7791001011586,001,00412,10630,00040,undefined,00023,00009, ,7791001011586, ,Dermatocosméticos,uso externo,59885,0,vitamina,vitamina
BIFERDIL LINEA NUTRI CON VITAMINA E,nutri shamp.vitE x 400ml,Biferdil,0,1,09/01/2026,11010,producto cosmético,,,,No Clasificada,1,unidades de 400 ml,Shampoo/Jabón líquido,,0, , ,,,No Clasificados / VL para Mf,Nacional,No controlado, ,NO CONTROLADO,SIGUIENTE,Sin informacion (Sin descuento),0,00449,7791001003598,002,00412,10630,00012,undefined,00125,00009, ,7791001003598, ,Dermatocosméticos,uso externo,31991,0,vitamina,vitamina
BIFERDIL LINEA PRO VITAMINA B5,trat.antifrizz x 155 ml,Biferdil,0,1,09/01/2026,11482,producto cosmético,,,,No Clasificada,1,unidades de 155 ml,Shampoo/Jabón líquido,,0, , ,,,Venta Libre,Nacional,No controlado, ,NO CONTROLADO,MENOR,Sin informacion (Sin descuento),0,00449,3779100101164,001,00412,10630,00012,undefined,00127,00009, ,3779100101164, ,Dermatocosméticos,uso externo,59884,0,vitamina,vitamina
BIFERDIL LINEA NUTRI CON VITAMINA E,nutri báls.vitE x 400 ml,Biferdil,0,1,09/01/2026,11560,producto cosmético,,,,No Clasificada,1,unidades de 400 ml,Crema de enjuague,,0, , ,,,No Clasificados / VL para Mf,Nacional,No controlado, ,NO CONTROLADO,SIGUIENTE,Sin informacion (Sin descuento),0,00449,7791001003543,002,00412,10630,00026,undefined,00125,00009, ,7791001003543, ,Dermatocosméticos,uso externo,31992,0,vitamina,vitamina
BIFERDIL LINEA PRO VITAMINA B5,recuperador báls.x 400ml,Biferdil,0,1,09/01/2026,12970,producto cosmético,,,,No Clasificada,1,unidades de 400 ml,Crema de enjuague,,0, , ,,,No Clasificados / VL para Mf,Nacional,No controlado, ,NO CONTROLADO,GRANDE (DE 2 PRES.),Sin informacion (Sin descuento),0,00449,7791001003567,003,00412,10630,00026,undefined,00125,00009, ,7791001003567, ,Dermatocosméticos,uso externo,31998,0,vitamina,vitamina
BIFERDIL LINEA PRO VITAMINA B5,shamp.x 400 ml,Biferdil,0,1,09/01/2026,13300,producto cosmético,,,,No Clasificada,1,unidades de 400 ml,Shampoo/Jabón líquido,,0, , ,,,No Clasificados / VL para Mf,Nacional,No controlado, ,NO CONTROLADO,GRANDE (DE 2 PRES.),Sin informacion (Sin descuento),0,00449,7791001003550,003,00412,10630,00012,undefined,00125,00009, ,7791001003550, ,Dermatocosméticos,uso externo,31993,0,vitamina,vitamina
BIFERDIL LINEA PRO VITAMINA B5,báls.triple acción x295g,Biferdil,0,1,09/01/2026,16567,producto cosmético,,,,No Clasificada,1,unidades de 295 g,Crema de enjuague,,0, , ,,,No Clasificados / VL para Mf,Nacional,No controlado, ,NO CONTROLADO,MENOR,Sin informacion (Sin descuento),0,00449,7791001008036,001,00412,10630,00026,undefined,00526,00009, ,7791001008036, ,Dermatocosméticos,uso externo,44369,0,vitamina,vitamina
BIFERDIL LINEA NUTRI CON VITAMINA E,nutri shamp.vit.e x800ml,Biferdil,0,1,09/01/2026,17144,producto cosmético,,,,No Clasificada,1,No Clasificada,Shampoo/Jabón líquido,,0, , ,,,No Clasificados / VL para Mf,Nacional,No controlado, ,NO CONTROLADO,MENOR,Sin informacion (Sin descuento),0,00449,7791001007824,001,00412,10630,00012,undefined,00001,00009, ,7791001007824, ,Dermatocosméticos,uso externo,44492,0,vitamina,vitamina
BIFERDIL LINEA NUTRI CON VITAMINA E,nutri báls.vit.e x790ml,Biferdil,0,1,09/01/2026,18859,producto cosmético,,,,No Clasificada,1,unidades de 790 ml,Crema de enjuague,,0, , ,,,No Clasificados / VL para Mf,Nacional,No controlado, ,NO CONTROLADO,MENOR,Sin informacion (Sin descuento),0,00449,7791001007831,001,00412,10630,00026,undefined,00527,00009, ,7791001007831, ,Dermatocosméticos,uso externo,44632,0,vitamina,vitamina
BIFERDIL LINEA PRO VITAMINA B5,recuperador capil.x 500g,Biferdil,0,1,09/01/2026,22546,producto cosmético,,,,No Clasificada,1,unidades de 500 g,Cremas/Geles/Pomadas/Ungüentos,,0, , ,,,No Clasificados / VL para Mf,Nacional,No controlado, ,NO CONTROLADO,GRANDE (DE 2 PRES.),Sin informacion (Sin descuento),0,00449,7791001001723,003,00412,10630,00004,undefined,00081,00009, ,7791001001723, ,Dermatocosméticos,uso externo,21447,0,vitamina,vitamina
BIFERDIL LINEA NUTRI CON VITAMINA E,nut.sérum rep.ptas.x30ml,Biferdil,0,1,09/01/2026,23316,producto cosmético,,,,No Clasificada,1,unidades de 30 ml,Cremas/Geles/Pomadas/Ungüentos,,0, , ,,,No Clasificados / VL para Mf,Nacional,No controlado, ,NO CONTROLADO,MENOR,Sin informacion (Sin descuento),0,00449,7791001011593,001,00412,10630,00004,undefined,00048,00001, ,7791001011593, ,Dermatocosméticos,No Clasificada,60283,0,vitamina,vitamina
CETAPHIL SERUM VITAMINA C,sérum x 30 ml,Galderma,0,1,01/04/2026,54971,producto cosmético,,,,No Clasificada,1,unidades de 30 ml,Cremas/Geles/Pomadas/Ungüentos,,0, , ,,,Venta Libre,Importado,No controlado, ,NO CONTROLADO,MENOR,Sin informacion (Sin descuento),0,00321,302990851731,001,00412,10630,00004,undefined,00048,00009, ,302990851731, ,Dermatocosméticos,uso externo,63627,0,vitamina,vitamina
BIFERDIL LINEA NUTRI CON VITAMINA E,nutri sérum pomo x 2 c/u,Biferdil,0,1,09/01/2026,16382,producto cosmético,,,,No Clasificada,2,unidades,Cremas/Geles/Pomadas/Ungüentos,,0, , ,,,No Clasificados / VL para Mf,Nacional,No controlado, ,NO CONTROLADO,MENOR,Sin informacion (Sin descuento),0,00449,7791001000351,001,00412,10630,00004,undefined,00005,00001, ,7791001000351, ,Dermatocosméticos,No Clasificada,21383,0,vitamina,vitamina
CETOMIX,bolsa x 500 ml,B-Life,0,1,13/04/2026,375801,proteínas+vitaminas+minerales,,,,No Clasificada,1,unidades de 500 ml,Batidos/Puré/Jugos/Otros alimentos,,0, , ,,,Venta Bajo Receta,Importado,No controlado, ,NO CONTROLADO,HOSPITALARIO,Sin informacion (Sin descuento),0,00822,7798321180022,011,00899,10574,00044,undefined,00049,00002, ,7798321180022, ,Alimentos propós.médico específ.,oral,54264,0,vitamina,vitamina
CETOMIX CHOCOLATE,bolsa x 500 ml,B-Life,0,1,13/04/2026,375801,proteínas+vitaminas+minerales,,,,No Clasificada,1,unidades de 500 ml,Batidos/Puré/Jugos/Otros alimentos,,0, , ,,,Venta Bajo Receta,Importado,No controlado, ,NO CONTROLADO,HOSPITALARIO,Sin informacion (Sin descuento),0,00822,7798321180190,011,00899,10574,00044,undefined,00049,00002, ,7798321180190, ,Alimentos propós.médico específ.,oral,61768,0,vitamina,vitamina
CETOMIX VAINILLA,bolsa x 500 ml,B-Life,0,1,13/04/2026,375801,proteínas+vitaminas+minerales,,,,No Clasificada,1,unidades de 500 ml,Batidos/Puré/Jugos/Otros alimentos,,0, , ,,,Venta Bajo Receta,Importado,No controlado, ,NO CONTROLADO,HOSPITALARIO,Sin informacion (Sin descuento),0,00822,7798321180183,011,00899,10574,00044,undefined,00049,00002, ,7798321180183, ,Alimentos propós.médico específ.,oral,61741,0,vitamina,vitamina
RENASTART,lata x 400 g,Tuteur,0,1,04/05/2026,893060,proteínas+vitaminas+minerales,,,,No Clasificada,1,unidades de 400 g,Batidos/Puré/Jugos/Otros alimentos,,0, , ,,,No Clasificada,Importado,No controlado, ,NO CONTROLADO,MENOR,Sin informacion (Sin descuento),0,00287,5060385943427,001,00899,10574,00044,undefined,00053,00002, ,5060385943427, ,Alimentos propós.médico específ.,oral,60071,0,vitamina,vitamina
GAC A FORMULA,lata x 400 g,B-Life,0,1,13/04/2026,1136459,proteínas+vitaminas+minerales,,,,No Clasificada,1,unidades de 400 g,Granulados,,0, , ,,,Venta Bajo Receta,Importado,No controlado, ,NO CONTROLADO,MENOR,Sin informacion (Sin descuento),0,00822,4034341002337,001,00899,10574,00048,undefined,00053,00002, ,4034341002337, ,Alimentos propós.médico específ.,oral,53970,0,vitamina,vitamina
TYROMED A FORMULA,lata x 500 g,B-Life,0,1,13/04/2026,1136459,proteínas+vitaminas+minerales,,,,No Clasificada,1,unidades de 500 g,Granulados,,0, , ,,,Venta Bajo Receta,Importado,No controlado, ,NO CONTROLADO,MENOR,Sin informacion (Sin descuento),0,00822,4034341002061,001,00899,10574,00048,undefined,00081,00002, ,4034341002061, ,Alimentos propós.médico específ.,oral,56244,0,vitamina,vitamina
GAC B FORMULA,lata x 500 g,B-Life,0,1,13/04/2026,1583131,proteínas+vitaminas+minerales,,,,No Clasificada,1,unidades de 500 g,Granulados,,0, , ,,,Venta Bajo Receta,Importado,No controlado, ,NO CONTROLADO,MENOR,Sin informacion (Sin descuento),0,00822,4034341002344,001,00899,10574,00048,undefined,00081,00002, ,4034341002344, ,Alimentos propós.médico específ.,oral,53972,0,vitamina,vitamina
HCYS FORMULA,lata x 500 g,B-Life,0,1,13/04/2026,1583131,proteínas+vitaminas+minerales,,,,No Clasificada,1,unidades de 500 g,Batidos/Puré/Jugos/Otros alimentos,,0, , ,,,Venta Bajo Receta,Importado,No controlado, ,NO CONTROLADO,MENOR,Sin informacion (Sin descuento),0,00822,5060943222308,001,00899,10574,00044,undefined,00081,00002, ,5060943222308, ,Alimentos propós.médico específ.,oral,56243,0,vitamina,vitamina
LEU B FORMULA,lata x 500 g,B-Life,0,1,13/04/2026,1583131,proteínas+vitaminas+minerales,,,,No Clasificada,1,unidades de 500 g,Batidos/Puré/Jugos/Otros alimentos,,0, , ,,,Venta Bajo Receta,Importado,No controlado, ,NO CONTROLADO,MENOR,Sin informacion (Sin descuento),0,00822,4034341002375,001,00899,10574,00044,undefined,00081,00002, ,4034341002375, ,Alimentos propós.médico específ.,oral,56242,0,vitamina,vitamina
MSUD B FORMULA,env.x 500 g,B-Life,0,1,13/04/2026,1583131,proteínas+vitaminas+minerales,,,,No Clasificada,1,unidades de 500 g,Granulados,,0, , ,,,Venta Bajo Receta,Importado,No controlado, ,NO CONTROLADO,MENOR,Sin informacion (Sin descuento),0,00822,5060943220021,001,00899,10574,00048,undefined,00081,00002, ,5060943220021, ,Alimentos propós.médico específ.,oral,53973,0,vitamina,vitamina
OAC B FORMULA,lata x 500 g,B-Life,0,1,13/04/2026,1583131,proteínas+vitaminas+minerales,,,,No Clasificada,1,unidades de 500 g,Granulados,,0, , ,,,Venta Bajo Receta,Importado,No controlado, ,NO CONTROLADO,MENOR,Sin informacion (Sin descuento),0,00822,5060943220038,001,00899,10574,00048,undefined,00081,00002, ,5060943220038, ,Alimentos propós.médico específ.,oral,53971,0,vitamina,vitamina
TYROMED B FORMULA,lata x 500 g,B-Life,0,1,13/04/2026,1583131,proteínas+vitaminas+minerales,,,,No Clasificada,1,unidades de 500 g,Granulados,,0, , ,,,Venta Bajo Receta,Importado,No controlado, ,NO CONTROLADO,MENOR,Sin informacion (Sin descuento),0,00822,4034341002412,001,00899,10574,00048,undefined,00081,00002, ,4034341002412, ,Alimentos propós.médico específ.,oral,53969,0,vitamina,vitamina
GLYTACTIN COMPLETE BAR 15 FRUTI FRENZY,barras x 7 x 54 g c/u,B-Life,0,1,13/04/2026,1247157,proteínas+vitaminas+minerales,,,,No Clasificada,7,unidades,Batidos/Puré/Jugos/Otros alimentos,,0, , ,,,Venta Bajo Receta,Importado,No controlado, ,NO CONTROLADO,MENOR,Sin informacion (Sin descuento),0,00822,804795340026,001,00899,10574,00044,undefined,00005,00002, ,804795340026, ,Alimentos propós.médico específ.,oral,55046,0,vitamina,vitamina
GLYTACTIN COMPLETE BAR 15 PEANUT BUTTER,barras x 7 x 81 g c/u,B-Life,0,1,13/04/2026,1247157,proteínas+vitaminas+minerales,,,,No Clasificada,7,unidades,Batidos/Puré/Jugos/Otros alimentos,,0, , ,,,Venta Bajo Receta,Importado,No controlado, ,NO CONTROLADO,MENOR,Sin informacion (Sin descuento),0,00822,804795340019,001,00899,10574,00044,undefined,00005,00002, ,804795340019, ,Alimentos propós.médico específ.,oral,55045,0,vitamina,vitamina
RENASTEP,bot. x 24 x 125 ml,Tuteur,0,1,04/05/2026,1530961,proteínas+vitaminas+minerales,,,,No Clasificada,24,unidades de 125 ml,Batidos/Puré/Jugos/Otros alimentos,,0, , ,,,No Clasificada,Importado,No controlado, ,NO CONTROLADO,MENOR,Sin informacion (Sin descuento),0,00287,5060385941300,001,00899,10574,00044,undefined,00072,00002, ,5060385941300, ,Alimentos propós.médico específ.,oral,60072,0,vitamina,vitamina
KFLO,bot.x 24 x 250 ml,Tuteur,0,1,04/05/2026,2612188,proteínas+vitaminas+minerales,,,,No Clasificada,24,unidades de 250 ml,Batidos/Puré/Jugos/Otros alimentos,,0, , ,,,No Clasificada,Importado,No controlado, ,NO CONTROLADO,MENOR,Sin informacion (Sin descuento),0,00287,5060385943229,001,00899,10574,00044,undefined,00036,00002, ,5060385943229, ,Alimentos propós.médico específ.,oral,60068,0,vitamina,vitamina
MCT PROCAL,sob.x 30 x 16 g,Tuteur,0,1,04/05/2026,640724,proteínas+vitaminas+minerales,,,,No Clasificada,30,unidades de 16 g,Batidos/Puré/Jugos/Otros alimentos,,0, , ,,,No Clasificada,Importado,No controlado, ,NO CONTROLADO,MENOR,Sin informacion (Sin descuento),0,00287,5060014050755,001,00899,10574,00044,undefined,00494,00002, ,5060014050755, ,Alimentos propós.médico específ.,oral,60070,0,vitamina,vitamina
GLYTACTIN RTD 10 CHOCOLATE,brick x 30 unid.x 250 ml,B-Life,0,1,13/04/2026,4040554,proteínas+vitaminas+minerales,,,,No Clasificada,30,unidades de 250 ml,Batidos/Puré/Jugos/Otros alimentos,,0, , ,,,Venta Bajo Receta,Importado,No controlado, ,NO CONTROLADO,HOSPITALARIO,Sin informacion (Sin descuento),0,00822,324359564038,011,00899,10574,00044,undefined,00036,00002, ,324359564038, ,Alimentos propós.médico específ.,oral,54253,0,vitamina,vitamina
GLYTACTIN RTD 10 ORIGINAL,brick x 30 unid.x 250 ml,B-Life,0,1,13/04/2026,4040554,proteínas+vitaminas+minerales,,,,No Clasificada,30,unidades de 250 ml,Batidos/Puré/Jugos/Otros alimentos,,0, , ,,,Venta Bajo Receta,Importado,No controlado, ,NO CONTROLADO,HOSPITALARIO,Sin informacion (Sin descuento),0,00822,324359574037,011,00899,10574,00044,undefined,00036,00002, ,324359574037, ,Alimentos propós.médico específ.,oral,54252,0,vitamina,vitamina
GLYTACTIN RTD 15 CHOCOLATE,brick x 30 unid.x 250 ml,B-Life,0,1,13/04/2026,6002049,proteínas+vitaminas+minerales,,,,No Clasificada,30,unidades de 250 ml,Batidos/Puré/Jugos/Otros alimentos,,0, , ,,,Venta Bajo Receta,Importado,No controlado, ,NO CONTROLADO,HOSPITALARIO,Sin informacion (Sin descuento),0,00822,324359544030,011,00899,10574,00044,undefined,00036,00002, ,324359544030, ,Alimentos propós.médico específ.,oral,56994,0,vitamina,vitamina
GLYTACTIN RTD 15 ORIGINAL,brick x 30 unid.x 250 ml,B-Life,0,1,13/04/2026,6002049,proteínas+vitaminas+minerales,,,,No Clasificada,30,unidades de 250 ml,Batidos/Puré/Jugos/Otros alimentos,,0, , ,,,Venta Bajo Receta,Importado,No controlado, ,NO CONTROLADO,HOSPITALARIO,Sin informacion (Sin descuento),0,00822,324359584036,011,00899,10574,00044,undefined,00036,00002, ,324359584036, ,Alimentos propós.médico específ.,oral,56993,0,vitamina,vitamina
102 VITAMINA C,comp.rec. x 30,Laboratorio Gramon,0,1,05/05/2026,18944,vit.+asoc.,,,,No Clasificada,30,unidades,Comprimidos/Pastillas/Tabletas/Grageas,,0, , ,,,Venta Libre,Nacional,No controlado, ,NO CONTROLADO,MENOR,Sin informacion (Sin descuento),0,00763,7791984001710,001,00346,00924,00054,undefined,00005,00002, ,7791984001710, ,Suplemento dietario,oral,63460,0,vitamina,vitamina
PROBIOTICOS + VITAMINAS VW,cáps.x 30,Pharmamerican S.R.L.,0,1,28/03/2026,20364,vit.+asoc.,,,,No Clasificada,30,unidades,Cápsulas/Softgels,,0, , ,,,Venta Libre,Nacional,No controlado, ,NO CONTROLADO,MENOR,Sin informacion (Sin descuento),0,00719,7798008297210,001,00346,00924,00002,undefined,00005,00002, ,7798008297210, ,Suplemento dietario,oral,64007,0,vitamina,vitamina
102 VITAMINA C,sobres x 30,Laboratorio Gramon,0,1,05/05/2026,21463,vit.+asoc.,,,,No Clasificada,30,unidades,Granulados,,0, , ,,,Venta Libre,Nacional,No controlado, ,NO CONTROLADO,MENOR,Sin informacion (Sin descuento),0,00763,7791984001635,001,00346,00924,00048,undefined,00005,00002, ,7791984001635, ,Suplemento dietario,oral,63461,0,vitamina,vitamina
EPUYEN VITAMINA A NUTRITIVA,cr.x 50 g,Epuyén,0,1,10/03/2026,10450,vit.a+alantoína+asoc.,,,,No Clasificada,1,unidades de 50 g,Cremas/Geles/Pomadas/Ungüentos,,0, , ,,,Venta Libre,Nacional,No controlado, ,NO CONTROLADO,MENOR,Sin informacion (Sin descuento),0,00773,7798337950138,001,00629,00637,00004,undefined,00058,00009, ,7798337950138, ,Reconstituyente dérmico,uso externo,58424,0,vitamina,vitamina
EPUYEN VITAMINA A NUTRITIVA,cr.x 100 g,Epuyén,0,1,07/05/2026,13900,vit.a+alantoína+asoc.,,,,No Clasificada,1,unidades de 100 g,Cremas/Geles/Pomadas/Ungüentos,,0, , ,,,Venta Libre,Nacional,No controlado, ,NO CONTROLADO,SIGUIENTE,Sin informacion (Sin descuento),0,00773,7798337950077,002,00629,00637,00004,undefined,00041,00009, ,7798337950077, ,Reconstituyente dérmico,uso externo,50327,0,vitamina,vitamina
EPUYEN VITAMINA A NUTRITIVA,cr.x 200 g,Epuyén,0,1,07/05/2026,26250,vit.a+alantoína+asoc.,,,,No Clasificada,1,unidades de 200 g,Cremas/Geles/Pomadas/Ungüentos,,0, , ,,,Venta Libre,Nacional,No controlado, ,NO CONTROLADO,GRANDE (DE + DE 2 PRES.),Sin informacion (Sin descuento),0,00773,7798337950060,005,00629,00637,00004,undefined,00083,00009, ,7798337950060, ,Reconstituyente dérmico,uso externo,50237,0,vitamina,vitamina
VITAMINA B1 BIOL FUERTE,100 mg a.x 100 x 1 ml,Biol,0,1,28/04/2026,273235,vit.b1,,,,mg/ml,100,unidades de 1 ml,Ampollas/Frascos-Ampolla/Liofilizados/Soluc.Parent,,0, , ,,,Venta Bajo Receta,Nacional,No controlado, ,NO CONTROLADO,HOSPITALARIO,Sin informacion (Sin descuento),0,00030,7792796473115,011,00483,09180,00003,undefined,00013,00003,316941000221107,7792796473115, ,Vitamínico,inyectable IM,19459,0,vitamina,vitamina
VITAMINA B12 VEGANA VITAMIN WAY,cáps.x 20,Pharmamerican S.R.L.,0,1,28/03/2026,10510,vit.b12,,,,mcg,20,unidades,Cápsulas/Softgels,,0, , ,,,Venta Libre,Nacional,No controlado, ,NO CONTROLADO,MENOR,Sin informacion (Sin descuento),0,00719,7798008296183,001,00346,05033,00002,undefined,00005,00002, ,7798008296183, ,Suplemento dietario,oral,60263,0,vitamina,vitamina
VITAMINA B12 METILCOBALAMINA,frasco cáps.x 30,Innovapharma,0,1,02/03/2026,23200,vit.b12,,,,mcg,30,unidades,Cápsulas/Softgels,,0, , ,,,Venta Libre,Nacional,No controlado, ,NO CONTROLADO,MENOR,Sin informacion (Sin descuento),0,00836,7798265480615,001,00346,05033,00002,undefined,00005,00002, ,7798265480615, ,Suplemento dietario,oral,62268,0,vitamina,vitamina
GENERDAY VITAMINA C,pouch x 1 x 5 g,Formulab,0,1,06/05/2026,2000,vit.c,,,,No Clasificada,1,unidades de 5 g,Granulados,,0, , ,,,Venta Libre,Nacional,No controlado, ,NO CONTROLADO,MENOR,Sin informacion (Sin descuento),0,00788,77978677,001,00346,09266,00048,undefined,00016,00002, ,77978677, ,Suplemento dietario,oral,58256,0,vitamina,vitamina
ENERGITO VITAMINA C,frutilla past.mast.x 50g,San Ceferino,0,1,26/03/2026,8991,vit.c,,,,No Clasificada,1,unidades de 50 g,Comprimidos/Pastillas/Tabletas/Grageas,,0, , ,,,Venta Libre,Nacional,No controlado, ,NO CONTROLADO,MENOR,Sin informacion (Sin descuento),0,00664,7798033167977,001,00346,09266,00054,undefined,00058,00002, ,7798033167977, ,Suplemento dietario,oral,58700,0,vitamina,vitamina
ENERGITO VITAMINA C,naranja past.mast.x 50g,San Ceferino,0,1,26/03/2026,8991,vit.c,,,,No Clasificada,1,unidades de 50 g,Comprimidos/Pastillas/Tabletas/Grageas,,0, , ,,,Venta Libre,Nacional,No controlado, ,NO CONTROLADO,MENOR,Sin informacion (Sin descuento),0,00664,7798033167946,001,00346,09266,00054,undefined,00058,00002, ,7798033167946, ,Suplemento dietario,oral,58701,0,vitamina,vitamina
GENERDAY VITAMINA C,pouch x 10 x 5 g,Formulab,0,1,06/05/2026,20000,vit.c,,,,No Clasificada,10,unidades de 5 g,Granulados,,0, , ,,,Venta Libre,Nacional,No controlado, ,NO CONTROLADO,MENOR,Sin informacion (Sin descuento),0,00788,7798193951256,001,00346,09266,00048,undefined,00016,00002, ,7798193951256, ,Suplemento dietario,oral,58255,0,vitamina,vitamina
VITAMINA C 1 GR,1 g sob.x 15,ISA,0,1,20/01/2026,6870,vit.c,,,,mg,15,unidades,Granulados,,0, , ,,,Venta Libre,Nacional,No controlado, ,NO CONTROLADO,MENOR,Sin informacion (Sin descuento),0,00372,7790839000458,001,00483,09266,00048,undefined,00005,00002, ,7790839000458, ,Vitamínico,oral,52566,0,vitamina,vitamina
VITAMINA C NATULIV,naranja sobres x 15,Laboratorio ENA,0,1,01/03/2026,8000,vit.c,,,,No Clasificada,15,unidades,Granulados,,0, , ,,,Venta Libre,Nacional,No controlado, ,NO CONTROLADO,MENOR,Sin informacion (Sin descuento),0,00395,7792981004209,001,00346,09266,00048,undefined,00005,00002, ,7792981004209, ,Suplemento dietario,oral,57433,0,vitamina,vitamina
VITAMINA C NATULIV,comp.x 30,Laboratorio ENA,0,1,01/03/2026,8000,vit.c,,,,No Clasificada,30,unidades,Comprimidos/Pastillas/Tabletas/Grageas,,0, , ,,,Venta Libre,Nacional,No controlado, ,NO CONTROLADO,MENOR,Sin informacion (Sin descuento),0,00395,7792981004155,001,00346,09266,00054,undefined,00005,00002, ,7792981004155, ,Suplemento dietario,oral,57010,0,vitamina,vitamina
INNOVANATURALS VITAMINA C,cáps.x 30,Innovapharma,0,1,02/03/2026,10800,vit.c,,,,mg,30,unidades,Cápsulas/Softgels,,0, , ,,,Venta Libre,Nacional,No controlado, ,NO CONTROLADO,MENOR,Sin informacion (Sin descuento),0,00836,7798265480134,001,00346,09266,00002,undefined,00005,00002, ,7798265480134, ,Suplemento dietario,oral,58877,0,vitamina,vitamina
VITAMINA C,tab.x 30,Natural Life,0,1,01/04/2026,17006,vit.c,,,,mg,30,unidades,Comprimidos/Pastillas/Tabletas/Grageas,,0, , ,,,Venta Libre,Nacional,No controlado, ,NO CONTROLADO,MENOR,Sin informacion (Sin descuento),0,00469,761778207571,001,00483,09266,00054,undefined,00005,00002, ,761778207571, ,Vitamínico,oral,56215,0,vitamina,vitamina
VITAMINA C 1 G,frasco cáps. x 30,Innovapharma,0,1,02/03/2026,17200,vit.c,,,,No Clasificada,30,unidades,Cápsulas/Softgels,,0, , ,,,Venta Libre,Nacional,No controlado, ,NO CONTROLADO,MENOR,Sin informacion (Sin descuento),0,00836,7798265481148,001,00346,09266,00002,undefined,00005,00002, ,7798265481148, ,Suplemento dietario,oral,64009,0,vitamina,vitamina
QUELAT VITAMINA C QUELATADA,comp.mast.x 30,Framingham Pharma,0,1,04/05/2026,26860,vit.c,,,,mg,30,unidades,Comprimidos/Pastillas/Tabletas/Grageas,,0, , ,,,Venta Libre,Nacional,No controlado, ,NO CONTROLADO,MENOR,Sin informacion (Sin descuento),0,00270,7798008191549,001,00483,09266,00054,undefined,00005,00002, ,7798008191549, ,Vitamínico,oral,62389,0,vitamina,vitamina
VITAMINA C LARJAN,1 g a.x 100 x 5 ml,Veinfar,0,1,13/04/2026,475202,vit.c,,,,mg,100,unidades de 5 ml,Ampollas/Frascos-Ampolla/Liofilizados/Soluc.Parent,,0, , ,,,Venta Bajo Receta,Nacional,No controlado, ,NO CONTROLADO,HOSPITALARIO,Sin informacion (Sin descuento),0,00126,7798072511700,011,00483,09266,00003,undefined,00014,00005,316961000221106,7798072511700, ,Vitamínico,inyectable IM/IV,33470,0,vitamina,vitamina
CIRUELAS+FIBRAS+VITAMINA C  NUTRINAT,laxante x 250 g,San Ceferino,0,1,04/05/2026,16230,vit.c+asoc.,,,,No Clasificada,1,unidades de 250 g,Batidos/Puré/Jugos/Otros alimentos,,0, , ,,,Venta Libre,Nacional,No controlado, ,NO CONTROLADO,MENOR,Sin informacion (Sin descuento),0,00664,7798033167298,001,00346,07372,00044,undefined,00052,00002, ,7798033167298, ,Suplemento dietario,oral,42112,0,vitamina,vitamina
CIRUELAS LIGHT+VITAMINA C  NUTRINAT,laxante x 250 g,San Ceferino,0,1,04/05/2026,16982,vit.c+asoc.,,,,No Clasificada,1,unidades de 250 g,Batidos/Puré/Jugos/Otros alimentos,,0, , ,,,Venta Libre,Nacional,No controlado, ,NO CONTROLADO,MENOR,Sin informacion (Sin descuento),0,00664,7798033167304,001,00346,07372,00044,undefined,00052,00002, ,7798033167304, ,Suplemento dietario,oral,42111,0,vitamina,vitamina
NEOSTRATA ENLIGHTEN SERUM VITAMINA C,sérum x 15 ml,Valuge,0,1,01/05/2026,103017,vit.c+asoc.,,,,%,1,unidades de 15 ml,Cremas/Geles/Pomadas/Ungüentos,,0, , ,,,Venta Libre,Importado,No controlado, ,NO CONTROLADO,MENOR,Sin informacion (Sin descuento),0,00577,732013302511,001,01036,07372,00004,undefined,00035,00009, ,732013302511, ,Antienvejecimiento,uso externo,60420,0,vitamina,vitamina
VITAMINA C VITAMIN WAY,cáps.x 30,Pharmamerican S.R.L.,0,1,28/03/2026,7868,vit.c+asoc.,,,,No Clasificada,30,unidades,Cápsulas/Softgels,,0, , ,,,Venta Libre,Nacional,No controlado, ,NO CONTROLADO,MENOR,Sin informacion (Sin descuento),0,00719,7798008294141,001,00346,07372,00002,undefined,00005,00002, ,7798008294141, ,Suplemento dietario,oral,53013,0,vitamina,vitamina
VITAMINA C BEBIBLE VW,polvo x 195 g,Pharmamerican S.R.L.,0,1,28/03/2026,16164,vit.c+asoc.,,,,No Clasificada,30,unidades,Batidos/Puré/Jugos/Otros alimentos,,0, , ,,,Venta Libre,Nacional,No controlado, ,NO CONTROLADO,MENOR,Sin informacion (Sin descuento),0,00719,7798008296626,001,00346,07372,00044,undefined,00005,00002, ,7798008296626, ,Suplemento dietario,oral,61607,0,vitamina,vitamina
VITAMINA C,cáps. x 30,Laboratorio WPN,0,1,09/03/2026,16900,vit.c+asoc.,,,,No Clasificada,30,unidades,Cápsulas/Softgels,,0, , ,,,Venta Libre,Nacional,No controlado, ,NO CONTROLADO,MENOR,Sin informacion (Sin descuento),0,00911,7798419660016,001,00346,07372,00002,undefined,00005,00002, ,7798419660016, ,Suplemento dietario,oral,61214,0,vitamina,vitamina
VITAMINA C VITAMIN WAY,cáps.x 60,Pharmamerican S.R.L.,0,1,28/03/2026,14160,vit.c+asoc.,,,,No Clasificada,60,unidades,Cápsulas/Softgels,,0, , ,,,Venta Libre,Nacional,No controlado, ,NO CONTROLADO,MENOR,Sin informacion (Sin descuento),0,00719,7798008296350,001,00346,07372,00002,undefined,00005,00002, ,7798008296350, ,Suplemento dietario,oral,61274,0,vitamina,vitamina
INNOVANATURALS VITAMINA C PLUS,cáps.x 30,Innovapharma,0,1,02/03/2026,11900,vit.c+vit.d+zinc,,,,No Clasificada,30,unidades,Cápsulas/Softgels,,0, , ,,,Venta Libre,Nacional,No controlado, ,NO CONTROLADO,MENOR,Sin informacion (Sin descuento),0,00836,7798265480141,001,00346,11548,00002,undefined,00005,00002, ,7798265480141, ,Suplemento dietario,oral,58879,0,vitamina,vitamina
VITAMINA C TRIPLE ACCION,comp. x 30,Provefarma,0,1,26/02/2026,12017,vit.c+vit.d+zinc,,,,mg,30,unidades,Comprimidos/Pastillas/Tabletas/Grageas,,0, , ,,,Venta Libre,Nacional,No controlado, ,NO CONTROLADO,MENOR,Sin informacion (Sin descuento),0,00662,7798119969457,001,00483,11548,00054,undefined,00005,00002, ,7798119969457, ,Vitamínico,oral,61325,0,vitamina,vitamina
VITAMINA D VANNIER,fco.gotero x 10 ml,Vannier,0,1,08/05/2026,21244,vit.d,,,,mg/100 ml,1,unidades de 10 ml,Gotas orales,,0, , ,,,Venta Bajo Receta,Nacional,No controlado, ,NO CONTROLADO,MENOR,Sin informacion (Sin descuento),0,00328,7795372460882,001,00710,09202,00016,undefined,00015,00002,511081000221107,07795372460882,548655,Vitaminoterapia d,oral,61290,0,vitamina,vitamina
VITAMINA D NATULIV,comp.x 30,Laboratorio ENA,0,1,01/03/2026,8300,vit.d,,,,No Clasificada,30,unidades,Comprimidos/Pastillas/Tabletas/Grageas,,0, , ,,,Venta Libre,Nacional,No controlado, ,NO CONTROLADO,MENOR,Sin informacion (Sin descuento),0,00395,7792981004223,001,00346,09202,00054,undefined,00005,00002, ,7792981004223, ,Suplemento dietario,oral,57981,0,vitamina,vitamina
VITAMINA D VITAMIN WAY,cáps.x 30,Pharmamerican S.R.L.,0,1,28/03/2026,8509,vit.d+magnesio,,,,No Clasificada,30,unidades,Cápsulas/Softgels,,0, , ,,,Venta Libre,Nacional,No controlado, ,NO CONTROLADO,MENOR,Sin informacion (Sin descuento),0,00719,7798008295872,001,00346,11503,00002,undefined,00005,00002, ,7798008295872, ,Suplemento dietario,oral,57469,0,vitamina,vitamina
VITAMINA D,cáps. x 30,Laboratorio WPN,0,1,09/03/2026,14300,vit.d+magnesio,,,,No Clasificada,30,unidades,Cápsulas/Softgels,,0, , ,,,Venta Libre,Nacional,No controlado, ,NO CONTROLADO,MENOR,Sin informacion (Sin descuento),0,00911,7798419660023,001,00346,11503,00002,undefined,00005,00002, ,7798419660023, ,Suplemento dietario,oral,61212,0,vitamina,vitamina
AVITREX VITAMINA D3,f.a.bebible x 2 ml,Eczane,0,1,06/04/2026,10244,vit.d3,,,,mg,1,unidades de 2 ml,Ampollas bebibles,,0, , ,,,Venta Bajo Receta,Nacional,No controlado, ,NO CONTROLADO,MENOR,Sin informacion (Sin descuento),0,00478,7797416013153,001,00710,09218,00022,undefined,00012,00002, ,7797416013153, ,Vitaminoterapia d,oral,55666,0,vitamina,vitamina
VITAMINA D,comp.x 30,Provefarma,0,1,26/02/2026,8268,vit.d3,,,,UI,30,unidades,Comprimidos/Pastillas/Tabletas/Grageas,,0, , ,,,Venta Bajo Receta,Nacional,No controlado, ,NO CONTROLADO,MENOR,Sin informacion (Sin descuento),0,00662,7798119969617,001,00346,09218,00054,undefined,00005,00002, ,7798119969617, ,Suplemento dietario,oral,62539,0,vitamina,vitamina
VITAMINA D3 GARDEN,comp.x 30,Garden House Argentina,0,1,24/04/2026,8820,vit.d3,,,,No Clasificada,30,unidades,Comprimidos/Pastillas/Tabletas/Grageas,,0, , ,,,Venta Libre,Importado,No controlado, ,NO CONTROLADO,MENOR,Sin informacion (Sin descuento),0,00303,7798143170270,001,00346,09218,00054,undefined,00005,00002, ,7798143170270, ,Suplemento dietario,oral,55176,0,vitamina,vitamina
VITAMINA D3-800 UI,cáps.bl.x 30,Natural Life,0,1,01/04/2026,10727,vit.d3,,,,mcg,30,unidades,Cápsulas/Softgels,,0, , ,,,Venta Libre,Nacional,No controlado, ,NO CONTROLADO,MENOR,Sin informacion (Sin descuento),0,00469,7798026680605,001,00710,09218,00002,undefined,00005,00002, ,7798026680605, ,Vitaminoterapia d,oral,58475,0,vitamina,vitamina
VITAMINA D3 + K2 INCAICO,cáps.x 30,Donato Zurlo,0,1,01/04/2026,18800,vit.d3+asoc.,,,,No Clasificada,30,unidades,Cápsulas/Softgels,,0, , ,,,Venta Libre,Nacional,No controlado, ,NO CONTROLADO,MENOR,Sin informacion (Sin descuento),0,00405,7797290001017,001,00346,11794,00002,undefined,00005,00002, ,7797290001017, ,Suplemento dietario,oral,64103,0,vitamina,vitamina
VITAMINA E 400,cáps.bl.x 30,Natural Life,0,1,01/04/2026,17998,vit.e,,,,mg,30,unidades,Cápsulas/Softgels,,0, , ,,,Venta Libre,Nacional,No controlado, ,NO CONTROLADO,MENOR,Sin informacion (Sin descuento),0,00469,761778207540,001,00463,00237,00002,undefined,00005,00002, ,761778207540, ,Antioxidante,oral,22786,0,vitamina,vitamina
NUTRI100 VITAMINA E NATURAL,cáps.x 30,Framingham Pharma,0,1,20/04/2026,32500,vit.e natural,,,,No Clasificada,30,unidades,Cápsulas/Softgels,,0, , ,,,Venta Libre,Nacional,No controlado, ,NO CONTROLADO,MENOR,Sin informacion (Sin descuento),0,00270,7798008191211,001,00483,01499,00002,undefined,00005,00002, ,7798008191211, ,Vitamínico,oral,59898,0,vitamina,vitamina
VITAMINA E 400 UI VW,cáps.x 30,Pharmamerican S.R.L.,0,1,05/12/2025,8498,vit.e+asoc.,,,,UI,30,unidades,Cápsulas/Softgels,,0, , ,,,Venta Libre,Nacional,No controlado, ,NO CONTROLADO,MENOR,Sin informacion (Sin descuento),0,00719,7798008297319,001,00346,00011,00002,undefined,00005,00002, ,7798008297319, ,Suplemento dietario,oral,64323,0,vitamina,vitamina
VITAMINA K1 BIOL,10 mg a.x 3 x 1 ml,Biol,0,1,28/04/2026,22104,vit.k1,,,,mg/ml,3,unidades de 1 ml,Ampollas/Frascos-Ampolla/Liofilizados/Soluc.Parent,,0, , ,,,Venta Bajo Receta,Nacional,No controlado, ,NO CONTROLADO,MENOR,50% de descuento,2,00030,7792796476222,001,00483,11338,00003,undefined,00013,00005,317001000221106,07792796476222,502951,Vitamínico,inyectable IM/IV,32971,9026,vitamina,vitamina
VITAMINA K1,1 mg a.x 100 x 0.5 ml,Veinfar,0,1,13/04/2026,392747,vit.k1,,,,mg/ml,100,unidades de 0.5 ml,Ampollas/Frascos-Ampolla/Liofilizados/Soluc.Parent,,0, , ,,,Venta Bajo Receta,Nacional,No controlado, ,NO CONTROLADO,HOSPITALARIO,Sin informacion (Sin descuento),0,00126,7798072511717,011,00483,11338,00003,undefined,00031,00003,326851000221107,07798072511717, ,Vitamínico,inyectable IM,24594,0,vitamina,vitamina
VITAMINA K1 BIOL,1 mg a.x 100 x 0.5 ml,Biol,0,1,28/04/2026,399888,vit.k1,,,,mg,100,unidades de 0.5 ml,Ampollas/Frascos-Ampolla/Liofilizados/Soluc.Parent,,0, , ,,,Venta Bajo Receta,Nacional,No controlado, ,NO CONTROLADO,HOSPITALARIO,Sin informacion (Sin descuento),0,00030,7792796473122,011,00483,11338,00003,undefined,00031,00005,316981000221104,7792796473122, ,Vitamínico,inyectable IM/IV,19460,0,vitamina,vitamina
VITAMINA K1,10 mg a.x 100 x 1 ml,Veinfar,0,1,13/04/2026,424651,vit.k1,,,,mg/ml,100,unidades de 1 ml,Ampollas/Frascos-Ampolla/Liofilizados/Soluc.Parent,,0, , ,,,Venta Bajo Receta,Nacional,No controlado, ,NO CONTROLADO,HOSPITALARIO,Sin informacion (Sin descuento),0,00126,7798072511366,011,00483,11338,00003,undefined,00013,00003,278371000221104,07798072511366, ,Vitamínico,inyectable IM,24595,0,vitamina,vitamina
VITAMINA K1 BIOL,10 mg a.x 100 x 1 ml,Biol,0,1,28/04/2026,454906,vit.k1,,,,mg/ml,100,unidades de 1 ml,Ampollas/Frascos-Ampolla/Liofilizados/Soluc.Parent,,0, , ,,,Venta Bajo Receta,Nacional,No controlado, ,NO CONTROLADO,HOSPITALARIO,Sin informacion (Sin descuento),0,00030,7792796473139,011,00483,11338,00003,undefined,00013,00005,316991000221101,7792796473139, ,Vitamínico,inyectable IM/IV,19461,0,vitamina,vitamina
VITAMINAS K2+D3,cáps.x 30,Innovapharma,0,1,02/03/2026,25200,vit.k2+vit.d3,,,,No Clasificada,30,unidades,Cápsulas/Softgels,,0, , ,,,Venta Libre,Nacional,No controlado, ,NO CONTROLADO,MENOR,Sin informacion (Sin descuento),0,00836,7798265481025,001,00346,11791,00002,undefined,00005,00002, ,7798265481025, ,Suplemento dietario,oral,62977,0,vitamina,vitamina
CICATRICURE REGENE-PLAST,crema x 30 g,Genomma Lab.,0,1,07/05/2026,22700,vitaminas,,,,No Clasificada,1,unidades de 30 g,Cremas/Geles/Pomadas/Ungüentos,,0, , ,,,Venta Libre,Importado,No controlado, ,NO CONTROLADO,MENOR,Sin informacion (Sin descuento),0,00715,650240073151,001,00412,07684,00004,undefined,00044,00009, ,650240073151, ,Dermatocosméticos,uso externo,63660,0,vitamina,vitamina
VITAMINA D LAFARMEN,comp.x 30,Lafarmen,0,1,10/03/2026,8000,"zinc,sulfato+vit.d",,,,No Clasificada,30,unidades,Comprimidos/Pastillas/Tabletas/Grageas,,0, , ,,,Venta Libre,Nacional,No controlado, ,NO CONTROLADO,MENOR,Sin informacion (Sin descuento),0,00398,7798026677346,001,00483,11607,00054,undefined,00005,00002, ,7798026677346, ,Vitamínico,oral,59763,0,vitamina,vitamina
ZINC + VITAMINA D,comp.x 200,Lafarmen,0,1,27/03/2026,52000,"zinc,sulfato+vit.d",,,,No Clasificada,200,unidades,Comprimidos/Pastillas/Tabletas/Grageas,,0, , ,,,Venta Libre,Nacional,No controlado, ,NO CONTROLADO,MENOR,Sin informacion (Sin descuento),0,00398,7798026677902,001,00255,11607,00054,undefined,00005,00002, ,7798026677902, ,Energizante masculino,oral,61710,0,vitamina,vitamina
CAPILLAIRE MAX SHAMPOO ANTICAIDA,env. x 190 ml,Cepage,0,1,10/04/2026,27600,aminexil+arginina+calcio,,,,No Clasificada,1,unidades de 190 ml,Shampoo/Jabón líquido,,0, , ,,,Venta Libre,Nacional,No controlado, ,NO CONTROLADO,MENOR,Sin informacion (Sin descuento),0,00794,7798182771100,001,00367,11493,00012,undefined,00144,00009, ,7798182771100, ,Regenerador capilar,uso externo,59424,0,calcio,calcio
CAPILLAIRE MAX LOCIÓN ANTICAÍDA,spray s/enj. x 120 ml,Cepage,0,1,10/04/2026,42500,aminexil+arginina+calcio,,,,No Clasificada,1,unidades de 120 ml,Solución de uso externo/Loción,,0, , ,,,Venta Libre,Nacional,No controlado, ,NO CONTROLADO,MENOR,Sin informacion (Sin descuento),0,00794,7798182770387,001,00367,11493,00027,undefined,00043,00009, ,7798182770387, ,Regenerador capilar,uso externo,57268,0,calcio,calcio
CALCIO BASE VENT-3,tab.mast.x 60,Vent 3,0,1,01/04/2026,13799,calcio,,,,mg,60,unidades,Comprimidos/Pastillas/Tabletas/Grageas,,0, , ,,,Venta Bajo Receta,Nacional,No controlado, ,NO CONTROLADO,MENOR,Sin informacion (Sin descuento),0,00234,7791939000096,001,00016,01476,00054,undefined,00005,00002,205511000221100,07791939000096,3936111,Calciterápico,oral,15480,0,calcio,calcio
CALCIOFLAV,cáps.x 20,PGN,0,1,02/02/2026,9726,calcio+asoc.,,,,No Clasificada,20,unidades,Cápsulas/Softgels,,0, , ,,,Venta Libre,Nacional,No controlado, ,NO CONTROLADO,MENOR,Sin informacion (Sin descuento),0,00460,7798056151748,001,00346,00503,00002,undefined,00005,00002, ,7798056151748, ,Suplemento dietario,oral,54293,0,calcio,calcio
NOARTRIT CA+MG+D3,comp.x 60,Provefarma,0,1,26/02/2026,10473,calcio+asoc.,,,,No Clasificada,60,unidades,Comprimidos/Pastillas/Tabletas/Grageas,,0, , ,,,Venta Libre,Nacional,No controlado, ,NO CONTROLADO,MENOR,Sin informacion (Sin descuento),0,00662,7798119960720,001,00016,00503,00054,undefined,00005,00002, ,7798119960720, ,Calciterápico,oral,53066,0,calcio,calcio
CALCIO-MAGNESIO-ZINC,estuche comp.x 60,Natural Life,0,1,01/04/2026,21539,calcio+asoc.,,,,No Clasificada,60,unidades,Comprimidos/Pastillas/Tabletas/Grageas,,0, , ,,,Venta Libre,Importado,No controlado, ,NO CONTROLADO,MENOR,Sin informacion (Sin descuento),0,00469,761778207564,001,00346,00503,00054,undefined,00005,00002, ,761778207564, ,Suplemento dietario,oral,56522,0,calcio,calcio
CALCIO 500 GARDEN HOUSE,comp.x 40,Garden House Argentina,0,1,24/04/2026,13090,calcio+vit.d,,,,mg/UI,40,unidades,Comprimidos/Pastillas/Tabletas/Grageas,,0, , ,,,Venta Libre,Importado,No controlado, ,NO CONTROLADO,MENOR,Sin informacion (Sin descuento),0,00303,7798023940498,001,00016,00925,00054,undefined,00005,00002, ,7798023940498, ,Calciterápico,oral,20295,0,calcio,calcio
SIMPLE CALCIO + VITAMINA D,doy pack past.de gomax28,Bagó-Arcor,0,1,29/04/2026,14192,calcio+vit.d,,,,No Clasificada,60,unidades,Caramelos,,0, , ,,,Venta Libre,Nacional,No controlado, ,NO CONTROLADO,MENOR,Sin informacion (Sin descuento),0,00869,7790580125684,001,00346,00925,00014,undefined,00005,00002, ,7790580125684, ,Suplemento dietario,oral,56527,0,calcio,calcio
SIMPLE CALCIO + VITAMINA D,pastillas de goma x 60,Bagó-Arcor,0,1,29/04/2026,27696,calcio+vit.d,,,,No Clasificada,60,unidades,Caramelos,,0, , ,,,Venta Libre,Nacional,No controlado, ,NO CONTROLADO,MENOR,Sin informacion (Sin descuento),0,00869,7790580119614,001,00346,00925,00014,undefined,00005,00002, ,7790580119614, ,Suplemento dietario,oral,54939,0,calcio,calcio
BIATAIN ALGINATE,após.5x5 cm x 1 u.,Coloplast,0,1,27/02/2026,8453,"calcio,alginato",,,,No Clasificada,1,unidades de 5 x 5 cm,Apósitos/Curitas/Adhesivos,,0, , ,,,Venta Libre,Importado,No controlado, ,NO CONTROLADO,MENOR,Sin informacion (Sin descuento),0,00467,5701780987608,001,00565,00970,00045,undefined,00335,00009, ,5701780987608, ,Cuidado de heridas,uso externo,52746,0,calcio,calcio
BIATAIN ALGINATE,após.10x10 cm x 1 u.,Coloplast,0,1,27/02/2026,11721,"calcio,alginato",,,,No Clasificada,1,unidades de 10 x 10 cm,Apósitos/Curitas/Adhesivos,,0, , ,,,Venta Libre,Importado,No controlado, ,NO CONTROLADO,MENOR,Sin informacion (Sin descuento),0,00467,5701780987622,001,00565,00970,00045,undefined,00318,00009, ,5701780987622, ,Cuidado de heridas,uso externo,52744,0,calcio,calcio
BIATAIN ALGINATE,após.15x15 cm x 1 u.,Coloplast,0,1,27/02/2026,23803,"calcio,alginato",,,,No Clasificada,1,unidades de 15 x 15 cm,Apósitos/Curitas/Adhesivos,,0, , ,,,Venta Libre,Importado,No controlado, ,NO CONTROLADO,MENOR,Sin informacion (Sin descuento),0,00467,5701780987646,001,00565,00970,00045,undefined,00327,00009, ,5701780987646, ,Cuidado de heridas,uso externo,52745,0,calcio,calcio
BIATAIN ALGINATE,filler 40 cm/2 g x 1 u.,Coloplast,0,1,27/02/2026,23879,"calcio,alginato",,,,No Clasificada,1,No Clasificada,Apósitos/Curitas/Adhesivos,,0, , ,,,Venta Libre,Importado,No controlado, ,NO CONTROLADO,MENOR,Sin informacion (Sin descuento),0,00467,5701780987660,001,00565,00970,00045,undefined,00001,00009, ,5701780987660, ,Cuidado de heridas,uso externo,52747,0,calcio,calcio
BIATAIN ALGINATE AG,filler 40 cm/2g x1 unid.,Coloplast,0,1,27/02/2026,41058,"calcio,alginato",,,,No Clasificada,1,No Clasificada,Apósitos/Curitas/Adhesivos,,0, , ,,,Venta Libre,Importado,No controlado, ,NO CONTROLADO,MENOR,Sin informacion (Sin descuento),0,00467,5708932049146,001,00565,00970,00045,undefined,00001,00009, ,5708932049146, ,Cuidado de heridas,uso externo,54575,0,calcio,calcio
BIATAIN ALGINATE AG,após.10x10 cm x 1 unid.,Coloplast,0,1,27/02/2026,49590,"calcio,alginato",,,,No Clasificada,1,unidades de 10 x 10 cm,Apósitos/Curitas/Adhesivos,,0, , ,,,Venta Libre,Importado,No controlado, ,NO CONTROLADO,MENOR,Sin informacion (Sin descuento),0,00467,5708932049085,001,00565,00970,00045,undefined,00318,00009, ,5708932049085, ,Cuidado de heridas,uso externo,54573,0,calcio,calcio
BIATAIN ALGINATE AG,após.15x15 cm x 1 unid.,Coloplast,0,1,27/02/2026,81344,"calcio,alginato",,,,No Clasificada,1,unidades de 15 x 15 cm,Apósitos/Curitas/Adhesivos,,0, , ,,,Venta Libre,Importado,No controlado, ,NO CONTROLADO,MENOR,Sin informacion (Sin descuento),0,00467,5708932049115,001,00565,00970,00045,undefined,00327,00009, ,5708932049115, ,Cuidado de heridas,uso externo,54574,0,calcio,calcio
PLUSCAL MOUSSE VAINILLA,aerosol x 240 g/215 ml,Cassará,0,1,20/04/2026,22480,"calcio,carbonato",,,,mg/5 ml,1,unidades de 240 g/215 ml,Sprays/Aerosoles/Soluc.p/nebulizar CON AEROCAMARA,,0, , ,,,No Clasificados / VL para Mf,Nacional,No controlado, ,NO CONTROLADO,MENOR,Sin informacion (Sin descuento),0,00046,7795373003880,001,00899,01478,00059,undefined,00518,00002,301581000221100,07795373003880,6309979,Alimentos propós.médico específ.,oral,51904,0,calcio,calcio
CALCIO BASE DUPOMAR,comp.x 30,Siegfried,0,1,23/04/2026,12441,"calcio,carbonato",,,,mg,30,unidades,Comprimidos/Pastillas/Tabletas/Grageas,,0, , ,,,Venta Bajo Receta,Nacional,No controlado, ,NO CONTROLADO,MENOR,60% de descuento,8,00903,7795380001954,001,00016,01478,00054,undefined,00005,00002,142511000221102,07798129414442,3129423,Calciterápico,oral,36214,12441,calcio,calcio
CALCIONAL,naranja comp.x 30,Ariston,0,1,30/04/2026,13865,"calcio,carbonato",,,,mg,30,unidades,Comprimidos/Pastillas/Tabletas/Grageas,,0, , ,,,Venta Bajo Receta,Nacional,No controlado, ,NO CONTROLADO,MENOR,Sin informacion (Sin descuento),0,00013,7795349501020,001,00016,01478,00054,undefined,00005,00002,196721000221108,07795349501020,4244663,Calciterápico,oral,43021,0,calcio,calcio
CALCIO BASE VANNIER,1.250 mg comp.mast.x 60,Vannier,0,1,08/05/2026,21377,"calcio,carbonato",,,,mg,60,unidades,Comprimidos/Pastillas/Tabletas/Grageas,,0, , ,,,Venta Bajo Receta,Nacional,No controlado, ,NO CONTROLADO,MENOR,60% de descuento,8,00328,7795372000095,001,00016,01478,00054,undefined,00005,00002,136521000221107,07795372000095,3764692,Calciterápico,oral,14107,17968,calcio,calcio
CALCIO BASE DUPOMAR,comp.x 60,Siegfried,0,1,23/04/2026,21481,"calcio,carbonato",,,,mg,60,unidades,Comprimidos/Pastillas/Tabletas/Grageas,,0, , ,,,Venta Bajo Receta,Nacional,No controlado, ,NO CONTROLADO,GRANDE (DE 2 PRES.),60% de descuento,8,00903,7795380001961,003,00016,01478,00054,undefined,00005,00002,142521000221107,07798129414459,3129422,Calciterápico,oral,7847,21481,calcio,calcio
CALCIONAL,naranja comp.x 60,Ariston,0,1,30/04/2026,23928,"calcio,carbonato",,,,mg,60,unidades,Comprimidos/Pastillas/Tabletas/Grageas,,0, , ,,,Venta Bajo Receta,Nacional,No controlado, ,NO CONTROLADO,GRANDE (DE 2 PRES.),60% de descuento,8,00013,7795349501037,003,00016,01478,00054,undefined,00005,00002,196711000221103,07795349501037,4244662,Calciterápico,oral,18981,18947,calcio,calcio
EMOFORM DIENTES SENSIBLES,pomo x 100 g,Gador,0,1,29/04/2026,11360,"calcio,carbonato+asoc.",,,,No Clasificada,1,unidades de 100 g,Cremas dentales,,0, , ,,,Venta Libre,Nacional,No controlado, ,NO CONTROLADO,MENOR,Sin informacion (Sin descuento),0,00103,7792183486735,001,00305,00117,00039,undefined,00041,00009, ,7792183486735, ,Desensibilizante,uso externo,14288,0,calcio,calcio
BOLUS OLIGOPLEX,pvo.x 50 g,Dr. Madaus,0,1,05/05/2026,13450,"calcio,carbonato+asoc.",,,,No Clasificada,1,unidades de 50 g,Jarabe/Suspensión oral/Polvo para uso oral,,0, , ,,,Venta Bajo Receta,Nacional,No controlado, ,NO CONTROLADO,MENOR,Sin informacion (Sin descuento),0,00366,7798028620036,001,00307,00117,00010,undefined,00058,00002,263941000221106,07798028620036, ,Antiséptico Cicatrizante,oral,16019,0,calcio,calcio
NOVO BENITOL ANTIACIDO,comp.x 20,Omicron,0,1,07/05/2026,8800,"calcio,carbonato+asoc.",,,,No Clasificada,20,unidades,Comprimidos/Pastillas/Tabletas/Grageas,,0, , ,,,Venta Libre,Nacional,No controlado, ,NO CONTROLADO,GRANDE (DE + DE 2 PRES.),Sin informacion (Sin descuento),0,00689,7798113693426,005,00025,00117,00054,undefined,00005,00002, ,7798113693426, ,Antiácido,oral,57843,0,calcio,calcio
RENNIE,comp.mast.x 24,Bayer Consumer,0,1,06/05/2026,12355,"calcio,carbonato+asoc.",,,,No Clasificada,24,unidades,Comprimidos/Pastillas/Tabletas/Grageas,,0, , ,,,Venta Libre,Importado,No controlado, ,NO CONTROLADO,SIGUIENTE,Sin informacion (Sin descuento),0,00654,7793640992806,002,00025,00117,00054,undefined,00005,00002, ,7793640992806, ,Antiácido,oral,64178,0,calcio,calcio
MYLANTA,menta fca.comp.mast.x 24,Elea,0,1,08/05/2026,12727,"calcio,carbonato+asoc.",,,,No Clasificada,24,unidades,Comprimidos/Pastillas/Tabletas/Grageas,,0, , ,,,Venta Libre,Nacional,No controlado, ,NO CONTROLADO,MENOR,Sin informacion (Sin descuento),0,00498,7796285275457,001,00025,00117,00054,undefined,00005,00002,321961000221109,7796285275457, ,Antiácido,oral,50186,0,calcio,calcio
MYLANTA,frut.silv.comp.mast.x 24,Elea,0,1,08/05/2026,12728,"calcio,carbonato+asoc.",,,,No Clasificada,24,unidades,Comprimidos/Pastillas/Tabletas/Grageas,,0, , ,,,Venta Libre,Nacional,No controlado, ,NO CONTROLADO,MENOR,Sin informacion (Sin descuento),0,00498,7796285275433,001,00025,00117,00054,undefined,00005,00002,321941000221105,07796285275433, ,Antiácido,oral,50184,0,calcio,calcio
MYLANTA,limon comp.mast.x 24,Elea,0,1,08/05/2026,12728,"calcio,carbonato+asoc.",,,,No Clasificada,24,unidades,Comprimidos/Pastillas/Tabletas/Grageas,,0, , ,,,Venta Libre,Nacional,No controlado, ,NO CONTROLADO,MENOR,Sin informacion (Sin descuento),0,00498,7796285275440,001,00025,00117,00054,undefined,00005,00002,321941000221105,7796285275440, ,Antiácido,oral,50185,0,calcio,calcio
RENNIE,comp.x 96,Bayer Consumer,0,1,06/05/2026,46725,"calcio,carbonato+asoc.",,,,No Clasificada,96,unidades,Comprimidos/Pastillas/Tabletas/Grageas,,0, , ,,,Venta Libre,Importado,No controlado, ,NO CONTROLADO,GIGANTE,Sin informacion (Sin descuento),0,00654,7793640125822,004,00025,00117,00054,undefined,00005,00002,128901000221105,07793640125822, ,Antiácido,oral,26108,0,calcio,calcio
MYLANTA TABLETAS,frutilla comp.mast.x 96,Elea,0,1,08/05/2026,51388,"calcio,carbonato+asoc.",,,,No Clasificada,96,unidades,Comprimidos/Pastillas/Tabletas/Grageas,,0, , ,,,Venta Libre,Nacional,No controlado, ,NO CONTROLADO,MENOR,Sin informacion (Sin descuento),0,00498,7796285200510,001,00025,00117,00054,undefined,00005,00002, ,7796285200510, ,Antiácido,oral,53205,0,calcio,calcio
MYLANTA TABLETAS,limón comp.mast.x 96,Elea,0,1,08/05/2026,51388,"calcio,carbonato+asoc.",,,,No Clasificada,96,unidades,Comprimidos/Pastillas/Tabletas/Grageas,,0, , ,,,Venta Libre,Nacional,No controlado, ,NO CONTROLADO,MENOR,Sin informacion (Sin descuento),0,00498,7796285200527,001,00025,00117,00054,undefined,00005,00002, ,7796285200527, ,Antiácido,oral,53217,0,calcio,calcio
MYLANTA TABLETAS,menta comp.mast.x 96,Elea,0,1,08/05/2026,51388,"calcio,carbonato+asoc.",,,,No Clasificada,96,unidades,Comprimidos/Pastillas/Tabletas/Grageas,,0, , ,,,Venta Libre,Nacional,No controlado, ,NO CONTROLADO,MENOR,Sin informacion (Sin descuento),0,00498,7796285200534,001,00025,00117,00054,undefined,00005,00002, ,7796285200534, ,Antiácido,oral,53352,0,calcio,calcio
CALCIO BASE DUPOMAR D,comp.x 30,Siegfried,0,1,23/04/2026,10941,"calcio,carbonato+vit.d3",,,,mg/UI,30,unidades,Comprimidos/Pastillas/Tabletas/Grageas,,0, , ,,,Venta Bajo Receta,Nacional,No controlado, ,NO CONTROLADO,MENOR,40% de descuento,7,00903,7795380001978,001,00016,00499,00054,undefined,00005,00002,94951000221100,07798129414862,4091035,Calciterápico,oral,36215,0,calcio,calcio
CALCIO BASE DUPOMAR D3 200,comp.x 30,Siegfried,0,1,23/04/2026,11216,"calcio,carbonato+vit.d3",,,,mg/UI,30,unidades,Comprimidos/Pastillas/Tabletas/Grageas,,0, , ,,,Venta Bajo Receta,Nacional,No controlado, ,NO CONTROLADO,MENOR,40% de descuento,7,00903,7795380001992,001,00016,00499,00054,undefined,00005,00002,222711000221105,07798129415951,4741982,Calciterápico,oral,36216,0,calcio,calcio
CALCIO BASE DUPOMAR D3 400,comp.x 30,Siegfried,0,1,23/04/2026,13812,"calcio,carbonato+vit.d3",,,,mg/UI,30,unidades,Comprimidos/Pastillas/Tabletas/Grageas,,0, , ,,,Venta Bajo Receta,Nacional,No controlado, ,NO CONTROLADO,MENOR,40% de descuento,7,00903,7795380002012,001,00016,00499,00054,undefined,00005,00002,222651000221104,07798129415975,4742052,Calciterápico,oral,36217,0,calcio,calcio
CALCIO BASE DUPOMAR D3 200,comp.x 60,Siegfried,0,1,23/04/2026,18060,"calcio,carbonato+vit.d3",,,,mg/UI,60,unidades,Comprimidos/Pastillas/Tabletas/Grageas,,0, , ,,,Venta Bajo Receta,Nacional,No controlado, ,NO CONTROLADO,GRANDE (DE 2 PRES.),40% de descuento,7,00903,7795380002005,003,00016,00499,00054,undefined,00005,00002,222721000221100,07798129415968,4741981,Calciterápico,oral,26499,0,calcio,calcio
CALCIO BASE DUPOMAR D,comp.x 60,Siegfried,0,1,23/04/2026,18453,"calcio,carbonato+vit.d3",,,,mg/UI,60,unidades,Comprimidos/Pastillas/Tabletas/Grageas,,0, , ,,,Venta Bajo Receta,Nacional,No controlado, ,NO CONTROLADO,GRANDE (DE 2 PRES.),40% de descuento,7,00903,7795380001985,003,00016,00499,00054,undefined,00005,00002,95001000221104,07798129414879,4091032,Calciterápico,oral,17764,0,calcio,calcio
CALCIO BASE DUPOMAR D3 400,comp.x 60,Siegfried,0,1,23/04/2026,20599,"calcio,carbonato+vit.d3",,,,mg/UI,60,unidades,Comprimidos/Pastillas/Tabletas/Grageas,,0, , ,,,Venta Bajo Receta,Nacional,No controlado, ,NO CONTROLADO,GRANDE (DE 2 PRES.),40% de descuento,7,00903,7795380002029,003,00016,00499,00054,undefined,00005,00002,222661000221102,07798129415982,4742051,Calciterápico,oral,26500,0,calcio,calcio
SIMPLE VITACAL,caram. mast. x 60,Bagó-Arcor,0,1,29/04/2026,26974,"calcio,carbonato+vit.d3",,,,No Clasificada,60,unidades,Comprimidos/Pastillas/Tabletas/Grageas,,0, , ,,,Venta Libre,Nacional,No controlado, ,NO CONTROLADO,MENOR,40% de descuento,7,00869,7790580129835,001,00346,00499,00054,undefined,00005,00002, ,7790580129835, ,Suplemento dietario,oral,59207,0,calcio,calcio
NUTREX CC,lata x 250 g,Ethical Nutrition,0,1,26/03/2026,130941,"calcio,caseinato",,,,No Clasificada,1,unidades de 250 g,Jarabe/Suspensión oral/Polvo para uso oral,,0, , ,,,Venta Libre,Nacional,No controlado, ,NO CONTROLADO,MENOR,Sin informacion (Sin descuento),0,00851,7798181640896,001,00346,10847,00010,undefined,00052,00002, ,7798181640896, ,Suplemento dietario,oral,58259,0,calcio,calcio
CALCIONAL CITRATO,500 mg nja.comp.mast.x30,Ariston,0,1,30/04/2026,13371,"calcio,citrato",,,,mg,30,unidades,Comprimidos/Pastillas/Tabletas/Grageas,,0, , ,,,Venta Bajo Receta,Nacional,No controlado, ,NO CONTROLADO,MENOR,60% de descuento,8,00013,7795349501051,001,00016,01077,00054,undefined,00005,00002,133861000221108,07795349501051,5272503,Calciterápico,oral,35071,10201,calcio,calcio
CALCIMAX FORTE,comp.x 30,Gador,0,1,29/04/2026,13689,"calcio,citrato",,,,mg,30,unidades,Comprimidos/Pastillas/Tabletas/Grageas,,0, , ,,,Venta Bajo Receta,Nacional,No controlado, ,NO CONTROLADO,MENOR,60% de descuento,8,00103,7792183487565,001,00016,01077,00054,undefined,00005,00002,131671000221102,07792183487565,5024322,Calciterápico,oral,32642,9517,calcio,calcio
CALCIMAX,comp.rec.x 60,Gador,0,1,29/04/2026,15851,"calcio,citrato",,,,mg,60,unidades,Comprimidos/Pastillas/Tabletas/Grageas,,0, , ,,,Venta Bajo Receta,Nacional,No controlado, ,NO CONTROLADO,MENOR,60% de descuento,8,00103,7792183486643,001,00016,01077,00054,undefined,00005,00002,131701000221101,07792183486643,4195164,Calciterápico,oral,19053,13303,calcio,calcio
CALCIOCIT,comp.x 30,Trb-Pharma,0,1,01/04/2026,9500,"calcio,citrato+vit.d3",,,,mg/UI,30,unidades,Comprimidos/Pastillas/Tabletas/Grageas,,0, , ,,,Venta Bajo Receta,Nacional,No controlado, ,NO CONTROLADO,MENOR,40% de descuento,7,00226,7795371458163,001,00068,01357,00054,undefined,00005,00002,195921000221102,07795371458163,4196991,Antiosteoporótico,oral,18532,0,calcio,calcio
CITRAMAR D 200,comp.x 30,Siegfried,1,1,23/04/2026,10194,"calcio,citrato+vit.d3",,,,mg/UI,30,unidades,Comprimidos/Pastillas/Tabletas/Grageas,,0, , ,,,Venta Bajo Receta,Nacional,No controlado, ,NO CONTROLADO,MENOR,40% de descuento,7,00903,7795380002036,001,00016,01357,00054,undefined,00005,00002,244991000221108,07798129416057,4587382,Calciterápico,oral,35846,0,calcio,calcio
CALCIOCIT PLUS,comp.ran.x 30,Trb-Pharma,0,1,01/04/2026,10600,"calcio,citrato+vit.d3",,,,mg/UI,30,unidades,Comprimidos/Pastillas/Tabletas/Grageas,,0, , ,,,Venta Bajo Receta,Nacional,No controlado, ,NO CONTROLADO,MENOR,40% de descuento,7,00226,7795371459016,001,00068,01357,00054,undefined,00005,00002,242241000221102,07795371459016,4633731,Antiosteoporótico,oral,37767,0,calcio,calcio
CALCIONAL D3,comp.x 30,Ariston,0,1,30/04/2026,10713,"calcio,citrato+vit.d3",,,,mg/UI,30,unidades,Comprimidos/Pastillas/Tabletas/Grageas,,0, , ,,,Venta Bajo Receta,Nacional,No controlado, ,NO CONTROLADO,MENOR,40% de descuento,7,00013,7795349501068,001,00016,01357,00054,undefined,00005,00002,116991000221108,07795349501068,4962594,Calciterápico,oral,33558,0,calcio,calcio
CITRAMAR D 400,comp.x 30,Siegfried,1,1,23/04/2026,12114,"calcio,citrato+vit.d3",,,,mg/UI,30,unidades,Comprimidos/Pastillas/Tabletas/Grageas,,0, , ,,,Venta Bajo Receta,Nacional,No controlado, ,NO CONTROLADO,MENOR,40% de descuento,7,00903,7795380002050,001,00016,01357,00054,undefined,00005,00002,245011000221101,07798129416071,4707082,Calciterápico,oral,35847,0,calcio,calcio
CALCIONAL D3 400,comp.x 30,Ariston,0,1,30/04/2026,12456,"calcio,citrato+vit.d3",,,,mg/UI,30,unidades,Comprimidos/Pastillas/Tabletas/Grageas,,0, , ,,,Venta Bajo Receta,Nacional,No controlado, ,NO CONTROLADO,MENOR,40% de descuento,7,00013,7795349501099,001,00016,01357,00054,undefined,00005,00002,492761000221102,07795349501099,6434132,Calciterápico,oral,53739,0,calcio,calcio
CALCIMAX D3 400,comp.x 30,Gador,0,1,29/04/2026,14407,"calcio,citrato+vit.d3",,,,mg/UI,30,unidades,Comprimidos/Pastillas/Tabletas/Grageas,,0, , ,,,Venta Bajo Receta,Nacional,No controlado, ,NO CONTROLADO,MENOR,40% de descuento,7,00103,7792183487503,001,00016,01357,00054,undefined,00005,00002,242971000221100,07792183487503,5081332,Calciterápico,oral,32641,0,calcio,calcio
CALCIOCIT,comp.x 60,Trb-Pharma,0,1,01/04/2026,16500,"calcio,citrato+vit.d3",,,,mg/UI,60,unidades,Comprimidos/Pastillas/Tabletas/Grageas,,0, , ,,,Venta Bajo Receta,Nacional,No controlado, ,NO CONTROLADO,GRANDE (DE 2 PRES.),40% de descuento,7,00226,7795371000249,003,00068,01357,00054,undefined,00005,00002,195931000221104,07795371000249,4196992,Antiosteoporótico,oral,18533,0,calcio,calcio
CITRAMAR D 200,comp.x 60,Siegfried,1,1,23/04/2026,18996,"calcio,citrato+vit.d3",,,,mg/UI,60,unidades,Comprimidos/Pastillas/Tabletas/Grageas,,0, , ,,,Venta Bajo Receta,Nacional,No controlado, ,NO CONTROLADO,GRANDE (DE 2 PRES.),40% de descuento,7,00903,7795380002043,003,00016,01357,00054,undefined,00005,00002,245001000221104,07798129416064,4587381,Calciterápico,oral,24005,0,calcio,calcio
CALCIOCIT PLUS,comp.ran.x 60,Trb-Pharma,0,1,01/04/2026,19000,"calcio,citrato+vit.d3",,,,mg/UI,60,unidades,Comprimidos/Pastillas/Tabletas/Grageas,,0, , ,,,Venta Bajo Receta,Nacional,No controlado, ,NO CONTROLADO,GRANDE (DE 2 PRES.),40% de descuento,7,00226,7795371458323,003,00068,01357,00054,undefined,00005,00002,242251000221100,07795371458323,4633732,Antiosteoporótico,oral,24659,0,calcio,calcio
CALCIONAL D3,comp.x 60,Ariston,0,1,30/04/2026,19243,"calcio,citrato+vit.d3",,,,mg/UI,60,unidades,Comprimidos/Pastillas/Tabletas/Grageas,,0, , ,,,Venta Bajo Receta,Nacional,No controlado, ,NO CONTROLADO,GRANDE (DE 2 PRES.),40% de descuento,7,00013,7795349501075,003,00016,01357,00054,undefined,00005,00002,117001000221103,07795349501075,4962595,Calciterápico,oral,33557,0,calcio,calcio
CALCIMAX D3,comp.rec.x 60,Gador,0,1,29/04/2026,19636,"calcio,citrato+vit.d3",,,,mg/UI,60,unidades,Comprimidos/Pastillas/Tabletas/Grageas,,0, , ,,,Venta Bajo Receta,Nacional,No controlado, ,NO CONTROLADO,MENOR,40% de descuento,7,00103,7792183486650,001,00016,01357,00054,undefined,00005,00002,243041000221101,07792183486650,4208864,Calciterápico,oral,19054,0,calcio,calcio
CITRAMAR D 400,comp.x 60,Siegfried,1,1,23/04/2026,20650,"calcio,citrato+vit.d3",,,,mg/UI,60,unidades,Comprimidos/Pastillas/Tabletas/Grageas,,0, , ,,,Venta Bajo Receta,Nacional,No controlado, ,NO CONTROLADO,GRANDE (DE 2 PRES.),40% de descuento,7,00903,7795380002067,003,00016,01357,00054,undefined,00005,00002,245021000221106,07798129416088,4707081,Calciterápico,oral,25681,0,calcio,calcio
CALCIMAX D3 400,comp.x 60,Gador,0,1,29/04/2026,21584,"calcio,citrato+vit.d3",,,,mg/UI,60,unidades,Comprimidos/Pastillas/Tabletas/Grageas,,0, , ,,,Venta Bajo Receta,Nacional,No controlado, ,NO CONTROLADO,GRANDE (DE 2 PRES.),40% de descuento,7,00103,7792183000696,003,00016,01357,00054,undefined,00005,00002,242981000221102,07792183000696,5081334,Calciterápico,oral,46250,0,calcio,calcio
CALCIONAL D3 400,comp.x 60,Ariston,0,1,30/04/2026,22430,"calcio,citrato+vit.d3",,,,mg/UI,60,unidades,Comprimidos/Pastillas/Tabletas/Grageas,,0, , ,,,Venta Bajo Receta,Nacional,No controlado, ,NO CONTROLADO,GRANDE (DE 2 PRES.),40% de descuento,7,00013,7795349501082,003,00016,01357,00054,undefined,00005,00002,492771000221106,07795349501082,6434134,Calciterápico,oral,53740,0,calcio,calcio
TANVIMIL ISOFLAVONAS CALCIO D3,comp.x 30,Megalabs Argentina,0,1,04/05/2026,22618,"calcio,citrato+vit.d3+isoflavon.",,,,No Clasificada,30,unidades,Comprimidos/Pastillas/Tabletas/Grageas,,0, , ,,,Venta Libre,Nacional,No controlado, ,NO CONTROLADO,MENOR,Sin informacion (Sin descuento),0,00193,7791763337894,001,00346,10365,00054,undefined,00005,00002, ,7791763337894, ,Suplemento dietario,oral,37998,0,calcio,calcio
CLORURO DE CALCIO FADA,10% a.x 25 x 10 ml,Fada Pharma,0,1,06/04/2026,234848,"calcio,cloruro",,,,g %,25,unidades de 10 ml,Ampollas/Frascos-Ampolla/Liofilizados/Soluc.Parent,,0, , ,,,Venta Bajo Receta,Nacional,No controlado, ,NO CONTROLADO,HOSPITALARIO,Sin informacion (Sin descuento),0,00088,7793569486165,011,00453,00623,00003,undefined,00015,00001,464781000221102,07793569486165, ,Regulador calcemia,No Clasificada,18908,0,calcio,calcio
CLORURO DE CALCIO FADA,10% a.x 100 x 10 ml,Fada Pharma,0,1,06/04/2026,909995,"calcio,cloruro",,,,g %,100,unidades de 10 ml,Ampollas/Frascos-Ampolla/Liofilizados/Soluc.Parent,,0, , ,,,Venta Bajo Receta,Nacional,No controlado, ,NO CONTROLADO,HOSPITALARIO,Sin informacion (Sin descuento),0,00088,7793569003027,011,00453,00623,00003,undefined,00015,00004,268841000221106,07793569003027,2728640,Regulador calcemia,inyectable IV,3381,0,calcio,calcio
GLUCONATO DE CALCIO NORGREEN,10% a.x 1 x 5 ml,Norgreen,1,1,27/03/2026,709,"calcio,gluconato",,,,g %,1,unidades de 5 ml,Ampollas/Frascos-Ampolla/Liofilizados/Soluc.Parent,,0, , ,,,Venta Bajo Receta,Nacional,No controlado, ,NO CONTROLADO,HOSPITALARIO,Sin informacion (Sin descuento),0,00517,7798188610243,011,00453,01486,00003,undefined,00014,00005, ,7798188610243, ,Regulador calcemia,inyectable IM/IV,40292,0,calcio,calcio
GLUCONATO DE CALCIO NORGREEN,10% a.x 1 x 20 ml,Norgreen,1,1,27/03/2026,3089,"calcio,gluconato",,,,g %,1,unidades de 20 ml,Ampollas/Frascos-Ampolla/Liofilizados/Soluc.Parent,,0, , ,,,Venta Bajo Receta,Nacional,No controlado, ,NO CONTROLADO,HOSPITALARIO,Sin informacion (Sin descuento),0,00517,7798188610991,011,00453,01486,00003,undefined,00019,00005, ,7798188610991, ,Regulador calcemia,inyectable IM/IV,40296,0,calcio,calcio
GLUCONATO DE CALCIO NORGREEN,10% a.x 1 x 10 ml,Norgreen,1,1,27/03/2026,3271,"calcio,gluconato",,,,g %,1,unidades de 10 ml,Ampollas/Frascos-Ampolla/Liofilizados/Soluc.Parent,,0, , ,,,Venta Bajo Receta,Nacional,No controlado, ,NO CONTROLADO,HOSPITALARIO,Sin informacion (Sin descuento),0,00517,7798188610908,011,00453,01486,00003,undefined,00015,00005, ,7798188610908, ,Regulador calcemia,inyectable IM/IV,40293,0,calcio,calcio
CALCINOVAG,10% iny.a.x 25 x 10 ml,Gobbi,0,1,06/03/2026,169378,"calcio,gluconato",,,,g %,25,unidades de 10 ml,Ampollas/Frascos-Ampolla/Liofilizados/Soluc.Parent,,0, , ,,,Venta Bajo Receta,Nacional,No controlado, ,NO CONTROLADO,HOSPITALARIO,Sin informacion (Sin descuento),0,00108,7795376003566,011,00453,01486,00003,undefined,00015,00005, ,07795376003566, ,Regulador calcemia,inyectable IM/IV,62120,0,calcio,calcio
GLUCONATO DE CALCIO 10% PHARMAVIAL,10% a.x 100,IBC,0,1,11/02/2026,432096,"calcio,gluconato",,,,g %,100,unidades,Ampollas/Frascos-Ampolla/Liofilizados/Soluc.Parent,,0, , ,,,Venta Bajo Receta,Nacional,No controlado, ,NO CONTROLADO,HOSPITALARIO,Sin informacion (Sin descuento),0,00883,7798178580716,011,00453,01486,00003,undefined,00005,00004, ,7798178580716, ,Regulador calcemia,inyectable IV,64119,0,calcio,calcio
CARTILAGO DE TIBURON+CALCIO DE OSTRA,blíster tab.x 30,Lafarmen,0,1,10/03/2026,9800,cartílago de tiburón+asoc.,,,,mg,30,unidades,Comprimidos/Pastillas/Tabletas/Grageas,,0, , ,,,Venta Libre,Nacional,No controlado, ,NO CONTROLADO,MENOR,Sin informacion (Sin descuento),0,00398,7798026674062,001,00030,01056,00054,undefined,00005,00002, ,7798026674062, ,Antiartrósico,oral,36032,0,calcio,calcio
CARTILAGO DE TIBURON+CALCIO DE OSTRA,blíster tab.x 60,Lafarmen,0,1,10/03/2026,15000,cartílago de tiburón+asoc.,,,,mg,60,unidades,Comprimidos/Pastillas/Tabletas/Grageas,,0, , ,,,Venta Libre,Nacional,No controlado, ,NO CONTROLADO,SIGUIENTE,Sin informacion (Sin descuento),0,00398,7798026671108,002,00030,01056,00054,undefined,00005,00002, ,7798026671108, ,Antiartrósico,oral,31756,0,calcio,calcio
CARTILAGO DE TIBURON+CALCIO DE OSTRA,blíster tab.x 150,Lafarmen,0,1,27/03/2026,48000,cartílago de tiburón+asoc.,,,,mg,150,unidades,Comprimidos/Pastillas/Tabletas/Grageas,,0, , ,,,Venta Libre,Nacional,No controlado, ,NO CONTROLADO,GRANDE (DE + DE 2 PRES.),Sin informacion (Sin descuento),0,00398,7798026677766,005,00030,01056,00054,undefined,00005,00002, ,7798026677766, ,Antiartrósico,oral,61718,0,calcio,calcio
CIPROVIT CALCICO,jbe.x 150 ml,Beta,0,1,21/04/2026,66241,ciproheptadina+calcio+asoc.,,,,No Clasificada,1,unidades de 150 ml,Jarabe/Suspensión oral/Polvo para uso oral,,0, , ,,,Venta Bajo Receta,Nacional,No controlado, ,NO CONTROLADO,MENOR,50% de descuento,2,00032,7795328050266,001,00127,00604,00010,undefined,00023,00002,267481000221104,07795328050266,2120272,Orexígeno,oral,50366,65151,calcio,calcio
CIPROVIT CALCICO,comp.blíst.x 60,Beta,0,1,21/04/2026,53607,ciproheptadina+calcio+asoc.,,,,No Clasificada,60,unidades,Comprimidos/Pastillas/Tabletas/Grageas,,0, , ,,,Venta Bajo Receta,Nacional,No controlado, ,NO CONTROLADO,MENOR,50% de descuento,2,00032,7795328050471,001,00127,00604,00054,undefined,00005,00002,112401000221105,07795328050471,2119463,Orexígeno,oral,49668,52726,calcio,calcio
COLAGENO + CALCIO VITAMIN WAY,cáps.x 30,Pharmamerican S.R.L.,0,1,28/03/2026,9604,colágeno+asoc.,,,,No Clasificada,30,unidades,Cápsulas/Softgels,,0, , ,,,Venta Libre,Nacional,No controlado, ,NO CONTROLADO,MENOR,Sin informacion (Sin descuento),0,00719,7798008293526,001,00346,00577,00002,undefined,00005,00002, ,7798008293526, ,Suplemento dietario,oral,50419,0,calcio,calcio
COLAGENO + CALCIO VITAMIN WAY,cáps.x 60,Pharmamerican S.R.L.,0,1,28/03/2026,17283,colágeno+asoc.,,,,No Clasificada,60,unidades,Cápsulas/Softgels,,0, , ,,,Venta Libre,Nacional,No controlado, ,NO CONTROLADO,SIGUIENTE,Sin informacion (Sin descuento),0,00719,7798008296367,002,00346,00577,00002,undefined,00005,00002, ,7798008296367, ,Suplemento dietario,oral,61586,0,calcio,calcio
LOTOQUIS SIMPLE,comp.x 50,Beta,0,1,21/04/2026,40303,difenilhidantoinato de calcio,,,,mg,50,unidades,Comprimidos/Pastillas/Tabletas/Grageas,,0, , ,,,Venta Bajo Receta,Nacional,No controlado, ,NO CONTROLADO,MENOR,80% de descuento,6,00032,7795328057142,001,00037,03138,00054,undefined,00005,00002,157641000221103,07795328057142,4380113,Anticonvulsivo,oral,40644,32845,calcio,calcio
LOTOQUIS SIMPLE,comp.x 100,Beta,0,1,21/04/2026,83379,difenilhidantoinato de calcio,,,,mg,100,unidades,Comprimidos/Pastillas/Tabletas/Grageas,,0, , ,,,Venta Bajo Receta,Nacional,No controlado, ,NO CONTROLADO,GRANDE (DE 2 PRES.),80% de descuento,6,00032,7795328057159,003,00037,03138,00054,undefined,00005,00002,157651000221101,07795328057159,1040503,Anticonvulsivo,oral,4201,77483,calcio,calcio
TAURAL F MAX,10 mg comp.x 10,Roemmers,0,1,30/04/2026,5646,"famotidina+calcio,carbon.+asoc.",,,,mg,10,unidades,Comprimidos/Pastillas/Tabletas/Grageas,,0, , ,,,Venta Libre,Nacional,No controlado, ,NO CONTROLADO,MENOR,Sin informacion (Sin descuento),0,00203,7795345124674,001,00066,10320,00054,undefined,00005,00002, ,07795345124674, ,Antiulceroso,oral,62274,0,calcio,calcio
ACTUAL,blíst.comp.mast.x 10,Bagó,1,1,29/04/2026,6245,"famotidina+calcio,carbon.+asoc.",,,,No Clasificada,10,unidades,Comprimidos/Pastillas/Tabletas/Grageas,,0, , ,,,Venta Libre,Nacional,No controlado, ,NO CONTROLADO,SIGUIENTE,Sin informacion (Sin descuento),0,00021,7790375001285,002,00025,10320,00054,undefined,00005,00002,159291000221101,07790375001285, ,Antiácido,oral,36688,0,calcio,calcio
MYLANTA EXTRA,comp.mast.x 24,Elea,0,1,08/05/2026,16251,"famotidina+calcio,carbon.+asoc.",,,,No Clasificada,24,unidades,Comprimidos/Pastillas/Tabletas/Grageas,,0, , ,,,Venta Libre,Nacional,No controlado, ,NO CONTROLADO,MENOR,Sin informacion (Sin descuento),0,00498,7796285275426,001,00025,10320,00054,undefined,00005,00002,99871000221100,07796285275426, ,Antiácido,oral,50183,0,calcio,calcio
TAURAL F MAX,10 mg comp.x 30,Roemmers,0,1,30/04/2026,13668,"famotidina+calcio,carbon.+asoc.",,,,mg,30,unidades,Comprimidos/Pastillas/Tabletas/Grageas,,0, , ,,,Venta Libre,Nacional,No controlado, ,NO CONTROLADO,GRANDE (DE 2 PRES.),Sin informacion (Sin descuento),0,00203,7795345124681,003,00066,10320,00054,undefined,00005,00002, ,07795345124681, ,Antiulceroso,oral,62275,0,calcio,calcio
ACTUAL,comp.mast.x 30,Bagó,1,1,29/04/2026,17754,"famotidina+calcio,carbon.+asoc.",,,,No Clasificada,30,unidades,Comprimidos/Pastillas/Tabletas/Grageas,,0, , ,,,Venta Libre,Nacional,No controlado, ,NO CONTROLADO,MENOR,Sin informacion (Sin descuento),0,00021,7790375001261,001,00025,10320,00054,undefined,00005,00002,150541000221100,07790375001261, ,Antiácido,oral,47557,0,calcio,calcio
MYLANTA EXTRA,expend.comp.mast.x 96,Elea,0,1,08/05/2026,64425,"famotidina+calcio,carbon.+asoc.",,,,No Clasificada,96,unidades,Comprimidos/Pastillas/Tabletas/Grageas,,0, , ,,,Venta Libre,Nacional,No controlado, ,NO CONTROLADO,SIGUIENTE,Sin informacion (Sin descuento),0,00498,7796285201722,002,00025,10320,00054,undefined,00005,00002, ,7796285201722, ,Antiácido,oral,53204,0,calcio,calcio
ISOFLAVONAS DE SOJA+CALCIO 600 GARDEN HOUSE,comp.x 20,Garden House Argentina,0,1,24/04/2026,11220,isoflavonas de soja+asoc.,,,,No Clasificada,20,unidades,Comprimidos/Pastillas/Tabletas/Grageas,,0, , ,,,Venta Libre,Nacional,No controlado, ,NO CONTROLADO,MENOR,Sin informacion (Sin descuento),0,00303,7798023941198,001,00346,10017,00054,undefined,00005,00002, ,7798023941198, ,Suplemento dietario,oral,61808,0,calcio,calcio
ISOFLAVONAS + CALCIO,comp.x 60,Provefarma,0,1,26/02/2026,13781,isoflavonas de soja+asoc.,,,,No Clasificada,60,unidades,Comprimidos/Pastillas/Tabletas/Grageas,,0, , ,,,Venta Libre,Nacional,No controlado, ,NO CONTROLADO,MENOR,Sin informacion (Sin descuento),0,00662,7798119960218,001,00346,10017,00054,undefined,00005,00002, ,7798119960218, ,Suplemento dietario,oral,47238,0,calcio,calcio
ISOFLAVONAS DE SOJA+CALCIO 600 GARDEN HOUSE,comp.x 60,Garden House Argentina,0,1,24/04/2026,27990,isoflavonas de soja+asoc.,,,,No Clasificada,60,unidades,Comprimidos/Pastillas/Tabletas/Grageas,,0, , ,,,Venta Libre,Nacional,No controlado, ,NO CONTROLADO,GRANDE (DE 2 PRES.),Sin informacion (Sin descuento),0,00303,7798023940542,003,00346,10017,00054,undefined,00005,00002, ,7798023940542, ,Suplemento dietario,oral,31562,0,calcio,calcio
MAGNESIO + CALCIO VITAMIN WAY,cáps.x 60,Pharmamerican S.R.L.,0,1,28/03/2026,16339,magnesio+asoc.,,,,No Clasificada,60,unidades,Cápsulas/Softgels,,0, , ,,,Venta Libre,Nacional,No controlado, ,NO CONTROLADO,MENOR,Sin informacion (Sin descuento),0,00719,7798008296206,001,00346,00062,00002,undefined,00005,00002, ,7798008296206, ,Suplemento dietario,oral,60298,0,calcio,calcio
SQUAM BLANQUEADOR,env.x 60 g,Gador,0,1,29/04/2026,8784,peróxido de calcio+asoc.,,,,No Clasificada,1,unidades de 60 g,Cremas dentales,,0, , ,,,Venta Libre,Nacional,No controlado, ,NO CONTROLADO,MENOR,Sin informacion (Sin descuento),0,00103,7792183001518,001,00179,11067,00039,undefined,00051,00009, ,7792183001518, ,Blanqueador dental,uso externo,51112,0,calcio,calcio
HEXIBEN,cr.dental x 60 g,Sidus,0,1,27/01/2026,17409,peróxido de calcio+flúor+xilitol,,,,g %,1,unidades de 60 g,Cremas dentales,,0, , ,,,Venta Libre,Nacional,No controlado, ,NO CONTROLADO,MENOR,Sin informacion (Sin descuento),0,00217,7795356001216,001,00179,11053,00039,undefined,00051,00009, ,7795356001216, ,Blanqueador dental,uso externo,50086,0,calcio,calcio
R.I.C.CALCIO,pvo.x 400 g,Domínguez,0,1,16/04/2026,281944,poliestiren sulfonato cálcico,,,,g %,1,unidades de 400 g,Granulados,,0, , ,,,Venta Bajo Receta,Nacional,No controlado, ,NO CONTROLADO,MENOR,50% de descuento,2,00067,7795327061263,001,00219,01196,00048,undefined,00053,00002,303651000221107,07795327061263,3894541,Trat.hiperpotasemia,oral,15747,119298,calcio,calcio
R.I.C.CALCIO,pvo.x 100g(sob.x 20x 5g),Domínguez,0,1,16/04/2026,87857,poliestiren sulfonato cálcico,,,,g %,20,unidades de 5 g,Granulados,,0, , ,,,Venta Bajo Receta,Nacional,No controlado, ,NO CONTROLADO,MENOR,50% de descuento,2,00067,7795327061270,001,00219,01196,00048,undefined,00016,00002,303661000221109,07795327061270,3894543,Trat.hiperpotasemia,oral,21693,37175,calcio,calcio
SVELTY EXTRACALCIO,softpack x 370 g,Nestle,0,1,09/12/2025,7533,proteínas+grasas+carbohid.+asoc.,,,,No Clasificada,1,unidades de 370 g,Leches enteras/descremadas,,0, , ,,,Venta Libre,Nacional,No controlado, ,NO CONTROLADO,MENOR,Sin informacion (Sin descuento),0,00166,8445291020047,001,00920,07918,00055,undefined,00536,00002, ,8445291020047, ,Fórmula p/propósito médico,oral,62121,0,calcio,calcio
SVELTY EXTRACALCIO,softpack x 750 g,Nestle,0,1,09/12/2025,13754,proteínas+grasas+carbohid.+asoc.,,,,No Clasificada,1,unidades de 750 g,Leches enteras/descremadas,,0, , ,,,Venta Libre,Nacional,No controlado, ,NO CONTROLADO,GRANDE (DE 2 PRES.),Sin informacion (Sin descuento),0,00166,8445291020061,003,00920,07918,00055,undefined,00231,00002, ,8445291020061, ,Fórmula p/propósito médico,oral,62123,0,calcio,calcio
POLPER CALCIO-MAGNESIO,comp.x 30,Casasco,0,1,27/04/2026,27007,vit.+minerales,,,,No Clasificada,30,unidades,Comprimidos/Pastillas/Tabletas/Grageas,,0, , ,,,Venta Bajo Receta,Nacional,No controlado, ,NO CONTROLADO,MENOR,40% de descuento,7,00045,7791909412904,001,00683,09285,00054,undefined,00005,00002,236621000221108,07791909412904,4005072,Reconstituyente gral.,oral,18053,0,calcio,calcio
CURFLEX UCII+CURFLEX CBD S/AR,comp.x 30 + cr. x 100 g,Laboratorio Gramon,0,1,05/05/2026,26006,"vit.d+calcio+hialurónico,ác.+asoc.",,,,No Clasificada,30,unidades,Comprimidos/Pastillas/Tabletas/Grageas,,0, , ,,,Venta Libre,Nacional,No controlado, ,NO CONTROLADO,MENOR,Sin informacion (Sin descuento),0,00763,7791984001369,001,00346,11695,00054,undefined,00005,00002, ,7791984001369, ,Suplemento dietario,oral,61661,0,calcio,calcio
CURFLEX TRIPLE ACCION,comp.x 30,Laboratorio Gramon,0,1,05/05/2026,31996,"vit.d+calcio+hialurónico,ác.+asoc.",,,,No Clasificada,30,unidades,Comprimidos/Pastillas/Tabletas/Grageas,,0, , ,,,Venta Libre,Nacional,No controlado, ,NO CONTROLADO,MENOR,Sin informacion (Sin descuento),0,00763,7791984001239,001,00346,11695,00054,undefined,00005,00002, ,7791984001239, ,Suplemento dietario,oral,61294,0,calcio,calcio
FORCAL D,cáps.x 30,Eurolab,0,1,21/04/2026,21250,vit.d+vit.c+zinc+calcio+magnesio,,,,No Clasificada,30,unidades,Cápsulas/Softgels,,0, , ,,,Venta Libre,Nacional,No controlado, ,NO CONTROLADO,MENOR,Sin informacion (Sin descuento),0,00633,7798122341493,001,00346,11490,00002,undefined,00005,00002, ,7798122341493, ,Suplemento dietario,oral,57183,0,calcio,calcio
CADOS TOTAL,cáps.x 30,Framingham Pharma,0,1,04/05/2026,38826,vit.k2+vit.d3+calcio,,,,No Clasificada,30,unidades,Cápsulas/Softgels,,0, , ,,,Venta Libre,Nacional,No controlado, ,NO CONTROLADO,MENOR,Sin informacion (Sin descuento),0,00270,7798008191006,001,00346,11499,00002,undefined,00005,00002, ,7798008191006, ,Suplemento dietario,oral,57404,0,calcio,calcio
REVERSAL,lata x 230 g,Panalab,0,1,04/05/2026,78599,Ca-HMB+vit.d+magnesio,,,,No Clasificada,1,unidades de 230 g,Batidos/Puré/Jugos/Otros alimentos,,0, , ,,,Venta Libre,Nacional,No controlado, ,NO CONTROLADO,MENOR,Sin informacion (Sin descuento),0,00466,7798051853524,001,00346,11550,00044,undefined,00414,00002, ,7798051853524, ,Suplemento dietario,oral,57854,0,magnesio,magnesio
REVERSAL STICK,sticks x 15,Panalab,0,1,04/05/2026,46108,Ca-HMB+vit.d+magnesio,,,,No Clasificada,15,unidades,Batidos/Puré/Jugos/Otros alimentos,,0, , ,,,Venta Libre,Nacional,No controlado, ,NO CONTROLADO,MENOR,Sin informacion (Sin descuento),0,00466,7798051854309,001,00346,11550,00044,undefined,00005,00002, ,7798051854309, ,Suplemento dietario,oral,60779,0,magnesio,magnesio
MYLANTA SIMPLE,líq.x 160 ml,Elea,0,1,16/04/2026,21476,"aluminio,hidr.+magnesio,hidr.",,,,mg/5 ml,1,unidades de 160 ml,Jarabe/Suspensión oral/Polvo para uso oral,,0, , ,,,Venta Bajo Receta,Nacional,No controlado, ,NO CONTROLADO,MENOR,40% de descuento,7,00498,7796285277888,001,00025,00494,00010,undefined,00190,00002,293611000221102,07796285277888,3588632,Antiácido,oral,52180,0,magnesio,magnesio
CALCIO-MAGNESIO-ZINC,estuche comp.x 60,Natural Life,0,1,01/04/2026,21539,calcio+asoc.,,,,No Clasificada,60,unidades,Comprimidos/Pastillas/Tabletas/Grageas,,0, , ,,,Venta Libre,Importado,No controlado, ,NO CONTROLADO,MENOR,Sin informacion (Sin descuento),0,00469,761778207564,001,00346,00503,00054,undefined,00005,00002, ,761778207564, ,Suplemento dietario,oral,56522,0,magnesio,magnesio
ULTRAPURE HUESOS Y ARTICULACIONES,env.x 360 g,Innovapharma,0,1,02/03/2026,33200,colág.hidr.+magnesio+ác.hialur.+asoc.,,,,No Clasificada,1,unidades de 360 g,Granulados,,0, , ,,,Venta Libre,Nacional,No controlado, ,NO CONTROLADO,MENOR,Sin informacion (Sin descuento),0,00836,7798265480097,001,00346,11569,00048,undefined,00220,00002, ,7798265480097, ,Suplemento dietario,oral,59234,0,magnesio,magnesio
GEONAT FLEX,pote x 400 g,Provefarma,0,1,26/02/2026,34563,colág.hidr.+magnesio+ác.hialur.+asoc.,,,,No Clasificada,1,unidades de 400 g,Granulados,,0, , ,,,Venta Libre,Nacional,No controlado, ,NO CONTROLADO,MENOR,Sin informacion (Sin descuento),0,00662,7798119969334,001,00346,11569,00048,undefined,00053,00002, ,7798119969334, ,Suplemento dietario,oral,59685,0,magnesio,magnesio
GEONAT FLEX ADVANCED TIPO II,375 g,Provefarma,0,1,26/02/2026,35803,colág.hidr.+magnesio+ác.hialur.+asoc.,,,,No Clasificada,1,unidades,Comprimidos/Pastillas/Tabletas/Grageas,,0, , ,,,Venta Libre,Nacional,No controlado, ,NO CONTROLADO,MENOR,Sin informacion (Sin descuento),0,00662,7798119969631,001,00346,11569,00054,undefined,00005,00002, ,7798119969631, ,Suplemento dietario,oral,62538,0,magnesio,magnesio
COLAGENO SPORT,pvo. x 360 g,Pharmamerican S.R.L.,0,1,28/03/2026,36987,colág.hidr.+magnesio+ác.hialur.+asoc.,,,,No Clasificada,1,unidades de 360 g,Batidos/Puré/Jugos/Otros alimentos,,0, , ,,,Venta Libre,Nacional,No controlado, ,NO CONTROLADO,MENOR,Sin informacion (Sin descuento),0,00719,7798008296619,001,00346,11569,00044,undefined,00220,00002, ,7798008296619, ,Suplemento dietario,oral,61647,0,magnesio,magnesio
INNOVANATURALS HUESOS Y ARTICULACIONES,env.x 450 g,Innovapharma,0,1,02/03/2026,38500,colág.hidr.+magnesio+ác.hialur.+asoc.,,,,No Clasificada,1,unidades de 450 g,Granulados,,0, , ,,,Venta Libre,Nacional,No controlado, ,NO CONTROLADO,MENOR,Sin informacion (Sin descuento),0,00836,7798265480288,001,00346,11569,00048,undefined,00154,00002, ,7798265480288, ,Suplemento dietario,oral,62150,0,magnesio,magnesio
COLAGENO BEAUTY + FLEX,pvo. x 360 g,Pharmamerican S.R.L.,0,1,28/03/2026,39719,colág.hidr.+magnesio+ác.hialur.+asoc.,,,,No Clasificada,1,unidades de 360 g,Batidos/Puré/Jugos/Otros alimentos,,0, , ,,,Venta Libre,Nacional,No controlado, ,NO CONTROLADO,MENOR,Sin informacion (Sin descuento),0,00719,7798008296602,001,00346,11569,00044,undefined,00220,00002, ,7798008296602, ,Suplemento dietario,oral,61651,0,magnesio,magnesio
ULTRAFLEX MAGNESIO,lata x 420 g,Trb-Pharma,0,1,01/04/2026,47800,colágeno+asoc.,,,,No Clasificada,1,unidades de 420 g,Granulados,,0, , ,,,Venta Libre,Nacional,No controlado, ,NO CONTROLADO,MENOR,Sin informacion (Sin descuento),0,00226,7795371459504,001,00346,00577,00048,undefined,00355,00002, ,7795371459504, ,Suplemento dietario,oral,56368,0,magnesio,magnesio
ULTRAFLEX MAGNESIO,sobres x 15,Trb-Pharma,0,1,01/04/2026,23899,colágeno+asoc.,,,,No Clasificada,15,unidades,Granulados,,0, , ,,,Venta Libre,Nacional,No controlado, ,NO CONTROLADO,MENOR,Sin informacion (Sin descuento),0,00226,7795371459627,001,00346,00577,00048,undefined,00005,00002, ,7795371459627, ,Suplemento dietario,oral,61150,0,magnesio,magnesio
COLAGENO+MAGNESIO PGN,cáps.x 30,PGN,0,1,02/02/2026,8497,colágeno+asoc.,,,,No Clasificada,30,unidades,Cápsulas/Softgels,,0, , ,,,Venta Libre,Nacional,No controlado, ,NO CONTROLADO,MENOR,Sin informacion (Sin descuento),0,00460,7798056151847,001,00346,00577,00002,undefined,00005,00002, ,7798056151847, ,Suplemento dietario,oral,56017,0,magnesio,magnesio
COLAGENO+MAGNESIO PGN,cáps.x 60,PGN,0,1,02/02/2026,16647,colágeno+asoc.,,,,No Clasificada,60,unidades,Cápsulas/Softgels,,0, , ,,,Venta Libre,Nacional,No controlado, ,NO CONTROLADO,GRANDE (DE 2 PRES.),Sin informacion (Sin descuento),0,00460,7798056151878,003,00346,00577,00002,undefined,00005,00002, ,7798056151878, ,Suplemento dietario,oral,56018,0,magnesio,magnesio
SULFATO DE MAGNESIO 25% NORGREEN,25% a.x 1 x 5 ml,Norgreen,1,1,27/03/2026,13910,magnesio,,,,g/5 ml,1,unidades de 5 ml,Ampollas/Frascos-Ampolla/Liofilizados/Soluc.Parent,,0, , ,,,Venta Bajo Receta,Nacional,No controlado, ,NO CONTROLADO,HOSPITALARIO,Sin informacion (Sin descuento),0,00517,7798188610427,011,00153,00018,00003,undefined,00014,00004, ,7798188610427, ,Soluciones parenterales,inyectable IV,40311,0,magnesio,magnesio
TOTAL MAGNESIANO LIMON,pvo.gran.x 50 g,Temis-Lostaló,0,1,29/04/2026,35613,magnesio,,,,g %,1,unidades de 50 g,Granulados,,0, , ,,,Venta Bajo Receta,Nacional,No controlado, ,NO CONTROLADO,MENOR,40% de descuento,7,00229,7795337908039,001,00683,00018,00048,undefined,00058,00002,313731000221106,07795337908039,3172814,Reconstituyente gral.,oral,21224,0,magnesio,magnesio
TOTAL MAGNESIANO LIMON,pvo.gran.x 100 g,Temis-Lostaló,0,1,29/04/2026,70701,magnesio,,,,g %,1,unidades de 100 g,Granulados,,0, , ,,,Venta Bajo Receta,Nacional,No controlado, ,NO CONTROLADO,GRANDE (DE 2 PRES.),Sin informacion (Sin descuento),0,00229,7795337908060,003,00683,00018,00048,undefined,00041,00002,313721000221108,07795337908060,3172813,Reconstituyente gral.,oral,21226,0,magnesio,magnesio
HOLOMAGNESIO,comp.rec.x 20,Elea,0,1,16/04/2026,34689,magnesio,,,,mg,20,unidades,Comprimidos/Pastillas/Tabletas/Grageas,,0, , ,,,Venta Bajo Receta,Nacional,No controlado, ,NO CONTROLADO,MENOR,40% de descuento,7,00498,7791848205124,001,00630,00018,00054,undefined,00005,00002,167531000221104,07791848205124,82103,Normalizador neuromuscular,oral,8041,0,magnesio,magnesio
MAGNEBE,comp.x 24,Domínguez,0,1,16/04/2026,24001,magnesio,,,,No Clasificada,24,unidades,Comprimidos/Pastillas/Tabletas/Grageas,,0, , ,,,Venta Bajo Receta,Nacional,No controlado, ,NO CONTROLADO,MENOR,40% de descuento,7,00067,7795327060709,001,00321,00018,00054,undefined,00005,00002,105851000221100,07795327060709,2285531,Suplemento mineral,oral,2607,0,magnesio,magnesio
TOTAL MAGNESIANO EFERVESCENTE,comp.x 24,Temis-Lostaló,0,1,29/04/2026,41060,magnesio,,,,No Clasificada,24,unidades,Comprimidos/Pastillas/Tabletas/Grageas,,0, , ,,,Venta Bajo Receta,Nacional,No controlado, ,NO CONTROLADO,MENOR,40% de descuento,7,00229,7795337904208,001,00683,00018,00054,undefined,00005,00002,237401000221100,07795337904208,539761,Reconstituyente gral.,oral,8854,0,magnesio,magnesio
SULFATO DE MAGNESIO,25% a.x 25 x 5 ml,Fada Pharma,0,1,06/04/2026,333043,magnesio,,,,g/5 ml,25,unidades de 5 ml,Ampollas/Frascos-Ampolla/Liofilizados/Soluc.Parent,,0, , ,,,Venta Bajo Receta,Nacional,No controlado, ,NO CONTROLADO,HOSPITALARIO,Sin informacion (Sin descuento),0,00088,7793569485793,011,00321,00018,00003,undefined,00014,00005, ,7793569485793, ,Suplemento mineral,inyectable IM/IV,59442,0,magnesio,magnesio
MAGNESIO LAFARMEN,blíster comp.x 30,Lafarmen,0,1,10/03/2026,7600,magnesio,,,,mg,30,unidades,Comprimidos/Pastillas/Tabletas/Grageas,,0, , ,,,Venta Libre,Nacional,No controlado, ,NO CONTROLADO,MENOR,Sin informacion (Sin descuento),0,00398,7798026674178,001,00683,00018,00054,undefined,00005,00002, ,7798026674178, ,Reconstituyente gral.,oral,36043,0,magnesio,magnesio
CITRATO DE MAGNESIO,comp.x 30,Lafarmen,0,1,10/03/2026,8500,magnesio,,,,No Clasificada,30,unidades,Comprimidos/Pastillas/Tabletas/Grageas,,0, , ,,,Venta Bajo Receta,Nacional,No controlado, ,NO CONTROLADO,MENOR,Sin informacion (Sin descuento),0,00398,7798026677933,001,00683,00018,00054,undefined,00005,00002, ,7798026677933, ,Reconstituyente gral.,oral,61862,0,magnesio,magnesio
CITRATO DE MAGNESIO 500,comp.x 30,Provefarma,0,1,26/02/2026,10534,magnesio,,,,No Clasificada,30,unidades,Comprimidos/Pastillas/Tabletas/Grageas,,0, , ,,,Venta Bajo Receta,Nacional,No controlado, ,NO CONTROLADO,MENOR,Sin informacion (Sin descuento),0,00662,7798119969501,001,00683,00018,00054,undefined,00005,00002, ,7798119969501, ,Reconstituyente gral.,oral,61912,0,magnesio,magnesio
MAGNESIO 400 GARDEN HOUSE,comp.x 30,Garden House Argentina,0,1,24/04/2026,10860,magnesio,,,,mg,30,unidades,Comprimidos/Pastillas/Tabletas/Grageas,,0, , ,,,Venta Libre,Importado,No controlado, ,NO CONTROLADO,MENOR,Sin informacion (Sin descuento),0,00303,7798023940580,001,00283,00018,00054,undefined,00005,00002, ,7798023940580, ,Complemento dietario,oral,31654,0,magnesio,magnesio
TOTAL MAGNESIANO+50,comp.rec.x 30,Temis-Lostaló,0,1,29/04/2026,20387,magnesio,,,,mg,30,unidades,Comprimidos/Pastillas/Tabletas/Grageas,,0, , ,,,Venta Libre,Nacional,No controlado, ,NO CONTROLADO,MENOR,Sin informacion (Sin descuento),0,00229,7795337990058,001,00346,00018,00054,undefined,00005,00002, ,7795337990058, ,Suplemento dietario,oral,62189,0,magnesio,magnesio
TOTAL MAGNESIANO EFERVESCENTE,pvo.sob.x 30,Temis-Lostaló,0,1,29/04/2026,49955,magnesio,,,,mg,30,unidades de 8 g,Jarabe/Suspensión oral/Polvo para uso oral,,0, , ,,,Venta Bajo Receta,Nacional,No controlado, ,NO CONTROLADO,MENOR,40% de descuento,7,00229,7795337900378,001,00683,00018,00010,undefined,00159,00002,313761000221100,07795337900378,3172815,Reconstituyente gral.,oral,45692,0,magnesio,magnesio
TOTAL MAGNESIANO,comp.rec.x 30,Temis-Lostaló,0,1,29/04/2026,51799,magnesio,,,,mg,30,unidades,Comprimidos/Pastillas/Tabletas/Grageas,,0, , ,,,Venta Bajo Receta,Nacional,No controlado, ,NO CONTROLADO,MENOR,40% de descuento,7,00229,7795337907551,001,00683,00018,00054,undefined,00005,00002,146091000221102,07795337907551,3677151,Reconstituyente gral.,oral,46798,0,magnesio,magnesio
HOLOMAGNESIO,comp.rec.x 50,Elea,0,1,16/04/2026,84889,magnesio,,,,mg,50,unidades,Comprimidos/Pastillas/Tabletas/Grageas,,0, , ,,,Venta Bajo Receta,Nacional,No controlado, ,NO CONTROLADO,SIGUIENTE,40% de descuento,7,00498,7791848205018,002,00630,00018,00054,undefined,00005,00002,98611000221100,07791848205018,82101,Normalizador neuromuscular,oral,6474,0,magnesio,magnesio
MAGNESIO LAFARMEN,blíster comp.x 60,Lafarmen,0,1,10/03/2026,14200,magnesio,,,,mg,60,unidades,Comprimidos/Pastillas/Tabletas/Grageas,,0, , ,,,Venta Libre,Nacional,No controlado, ,NO CONTROLADO,SIGUIENTE,Sin informacion (Sin descuento),0,00398,7798026672396,002,00683,00018,00054,undefined,00005,00002, ,7798026672396, ,Reconstituyente gral.,oral,31766,0,magnesio,magnesio
ZENTRO MAGNESIO,comp. x 60,ISA,0,1,01/04/2026,18600,magnesio,,,,No Clasificada,60,unidades,Comprimidos/Pastillas/Tabletas/Grageas,,0, , ,,,Venta Libre,Nacional,No controlado, ,NO CONTROLADO,MENOR,Sin informacion (Sin descuento),0,00372,7790839981160,001,00346,00018,00054,undefined,00005,00002, ,7790839981160, ,Suplemento dietario,oral,62909,0,magnesio,magnesio
MAGNEBE,comp.x 60,Domínguez,0,1,16/04/2026,52228,magnesio,,,,No Clasificada,60,unidades,Comprimidos/Pastillas/Tabletas/Grageas,,0, , ,,,Venta Bajo Receta,Nacional,No controlado, ,NO CONTROLADO,GRANDE (DE 2 PRES.),40% de descuento,7,00067,7795327060716,003,00321,00018,00054,undefined,00005,00002,105861000221103,07795327060716,2285532,Suplemento mineral,oral,2608,0,magnesio,magnesio
TOTAL MAGNESIANO,comp.rec.x 60,Temis-Lostaló,0,1,29/04/2026,99952,magnesio,,,,mg,60,unidades,Comprimidos/Pastillas/Tabletas/Grageas,,0, , ,,,Venta Bajo Receta,Nacional,No controlado, ,NO CONTROLADO,GRANDE (DE 2 PRES.),40% de descuento,7,00229,7795337907568,003,00683,00018,00054,undefined,00005,00002,146101000221105,07795337907568,3677152,Reconstituyente gral.,oral,46799,0,magnesio,magnesio
HOLOMAGNESIO,comp.rec.x 100,Elea,0,1,16/04/2026,142337,magnesio,,,,mg,100,unidades,Comprimidos/Pastillas/Tabletas/Grageas,,0, , ,,,Venta Bajo Receta,Nacional,No controlado, ,NO CONTROLADO,GRANDE (DE + DE 2 PRES.),40% de descuento,7,00498,7791848205025,005,00630,00018,00054,undefined,00005,00002,117351000221102,07791848205025,82102,Normalizador neuromuscular,oral,6475,0,magnesio,magnesio
MAGNESIO,a.x 100 x 5 ml,Veinfar,0,1,13/04/2026,1302502,magnesio,,,,mg/ml,100,unidades de 5 ml,Ampollas/Frascos-Ampolla/Liofilizados/Soluc.Parent,,0, , ,,,Venta Bajo Receta,Nacional,No controlado, ,NO CONTROLADO,HOSPITALARIO,Sin informacion (Sin descuento),0,00126,7798072512882,011,00321,00018,00003,undefined,00014,00005,311221000221104,07798072512882, ,Suplemento mineral,inyectable IM/IV,15635,0,magnesio,magnesio
MAGNESIO LAFARMEN,blíster comp.x 150,Lafarmen,0,1,27/03/2026,37500,magnesio,,,,mg,150,unidades,Comprimidos/Pastillas/Tabletas/Grageas,,0, , ,,,Venta Libre,Nacional,No controlado, ,NO CONTROLADO,GRANDE (DE + DE 2 PRES.),Sin informacion (Sin descuento),0,00398,7798026677841,005,00683,00018,00054,undefined,00005,00002, ,7798026677841, ,Reconstituyente gral.,oral,61705,0,magnesio,magnesio
CITRATO DE MAGNESIO,comp.x 150,Lafarmen,0,1,27/03/2026,42000,magnesio,,,,No Clasificada,150,unidades,Comprimidos/Pastillas/Tabletas/Grageas,,0, , ,,,Venta Bajo Receta,Nacional,No controlado, ,NO CONTROLADO,GRANDE (DE 2 PRES.),Sin informacion (Sin descuento),0,00398,7798026677919,003,00683,00018,00054,undefined,00005,00002, ,7798026677919, ,Reconstituyente gral.,oral,61822,0,magnesio,magnesio
BIOMAG,300 mg cáps.x 30,Baliarda,0,1,27/04/2026,27551,magnesio bisglicinato,,,,mg,30,unidades,Cápsulas/Softgels,,0, , ,,,Venta Libre,Nacional,No controlado, ,NO CONTROLADO,MENOR,Sin informacion (Sin descuento),0,00023,7795338003320,001,00683,11253,00002,undefined,00005,00002, ,7795338003320, ,Reconstituyente gral.,oral,64286,0,magnesio,magnesio
QUELAT MAGNESIO,comp.x 30,Framingham Pharma,0,1,04/05/2026,33599,magnesio bisglicinato,,,,No Clasificada,30,unidades,Comprimidos/Pastillas/Tabletas/Grageas,,0, , ,,,Venta Libre,Nacional,No controlado, ,NO CONTROLADO,MENOR,Sin informacion (Sin descuento),0,00270,7798008190757,001,00346,11253,00054,undefined,00005,00002, ,7798008190757, ,Suplemento dietario,oral,53903,0,magnesio,magnesio
GEOMAGNESIUM,comp.x 60,Provefarma,0,1,26/02/2026,17325,magnesio bisglicinato,,,,No Clasificada,60,unidades,Comprimidos/Pastillas/Tabletas/Grageas,,0, , ,,,Venta Libre,Nacional,No controlado, ,NO CONTROLADO,MENOR,Sin informacion (Sin descuento),0,00662,7798119969754,001,00346,11253,00054,undefined,00005,00002, ,7798119969754, ,Suplemento dietario,oral,64157,0,magnesio,magnesio
BISGLICINATO DE MAGNESIO VW,cáps.x 30,Pharmamerican S.R.L.,0,1,28/03/2026,11393,magnesio bisglicinato+asoc.,,,,No Clasificada,30,unidades,Cápsulas/Softgels,,0, , ,,,Venta Libre,Nacional,No controlado, ,NO CONTROLADO,MENOR,Sin informacion (Sin descuento),0,00719,7798008297012,001,00346,11252,00002,undefined,00005,00002, ,7798008297012, ,Suplemento dietario,oral,63630,0,magnesio,magnesio
EQUILIBRA 5-HTP + TRIMAGNESIO,comp.x 30,Provefarma,0,1,26/02/2026,11550,magnesio bisglicinato+asoc.,,,,No Clasificada,30,unidades,Comprimidos/Pastillas/Tabletas/Grageas,,0, , ,,,Venta Libre,Nacional,No controlado, ,NO CONTROLADO,MENOR,Sin informacion (Sin descuento),0,00662,7798119969778,001,00346,11252,00054,undefined,00005,00002, ,7798119969778, ,Suplemento dietario,oral,64288,0,magnesio,magnesio
TRIPLE MAGNESIO +50 VW,cáps.x 30,Pharmamerican S.R.L.,0,1,12/12/2025,15075,magnesio bisglicinato+asoc.,,,,No Clasificada,30,unidades,Cápsulas/Softgels,,0, , ,,,Venta Libre,Nacional,No controlado, ,NO CONTROLADO,MENOR,Sin informacion (Sin descuento),0,00719,7798008297241,001,00346,11252,00002,undefined,00005,00002, ,7798008297241, ,Suplemento dietario,oral,63798,0,magnesio,magnesio
MINERALES QUELATADOS VW,cáps.x 30,Pharmamerican S.R.L.,0,1,28/03/2026,22720,magnesio bisglicinato+asoc.,,,,No Clasificada,30,unidades,Cápsulas/Softgels,,0, , ,,,Venta Libre,Nacional,No controlado, ,NO CONTROLADO,MENOR,Sin informacion (Sin descuento),0,00719,7798008296831,001,00346,11252,00002,undefined,00005,00002, ,7798008296831, ,Suplemento dietario,oral,62358,0,magnesio,magnesio
QUELAT COMPLEX,comp.x 30,Framingham Pharma,0,1,08/05/2026,41989,magnesio bisglicinato+asoc.,,,,No Clasificada,30,unidades,Comprimidos/Pastillas/Tabletas/Grageas,,0, , ,,,Venta Libre,Nacional,No controlado, ,NO CONTROLADO,MENOR,Sin informacion (Sin descuento),0,00270,7798008190726,001,00346,11252,00054,undefined,00005,00002, ,7798008190726, ,Suplemento dietario,oral,53902,0,magnesio,magnesio
GRAVITON CITRATO DE MAGNESIO,sob.x 1,Pharma Alioth,0,1,18/12/2025,691,magnesio citrato,,,,No Clasificada,1,unidades,Jarabe/Suspensión oral/Polvo para uso oral,,0, , ,,,Venta Libre,Nacional,No controlado, ,NO CONTROLADO,MENOR,Sin informacion (Sin descuento),0,00871,7795513274736,001,00346,11703,00010,undefined,00005,00002, ,7795513274736, ,Suplemento dietario,oral,62654,0,magnesio,magnesio
CITRATO DE MAGNESIO LIMONADA NATULIV,env. x 105 g,Laboratorio ENA,0,1,01/05/2026,14100,magnesio citrato,,,,No Clasificada,1,unidades de 105 g,Granulados,,0, , ,,,Venta Libre,Nacional,No controlado, ,NO CONTROLADO,MENOR,Sin informacion (Sin descuento),0,00395,7792981070983,001,00346,11703,00048,undefined,00219,00002, ,7792981070983, ,Suplemento dietario,oral,62566,0,magnesio,magnesio
HOLOMAGNESIO INTEGRAL EXTRA PACK,pvo.x 350 g,Elea,0,1,08/05/2026,36716,magnesio citrato,,,,No Clasificada,1,unidades de 350 g,Granulados,,0, , ,,,Venta Libre,Nacional,No controlado, ,NO CONTROLADO,MENOR,Sin informacion (Sin descuento),0,00498,7796285289386,001,00346,11703,00048,undefined,00160,00002, ,7796285289386, ,Suplemento dietario,oral,63127,0,magnesio,magnesio
CITRATO DE MAGNESIO NATULIV,cáps.x 30,Laboratorio ENA,0,1,01/05/2026,13170,magnesio citrato,,,,mg,30,unidades,Cápsulas/Softgels,,0, , ,,,Venta Libre,Nacional,No controlado, ,NO CONTROLADO,MENOR,Sin informacion (Sin descuento),0,00395,7792981070969,001,00346,11703,00002,undefined,00005,00002, ,7792981070969, ,Suplemento dietario,oral,62565,0,magnesio,magnesio
102 MAGNESIO CITRATO,comp. x 30,Laboratorio Gramon,0,1,05/05/2026,17848,magnesio citrato,,,,No Clasificada,30,unidades,Comprimidos/Pastillas/Tabletas/Grageas,,0, , ,,,Venta Libre,Nacional,No controlado, ,NO CONTROLADO,MENOR,Sin informacion (Sin descuento),0,00763,7791984001758,001,00346,11703,00054,undefined,00005,00002, ,7791984001758, ,Suplemento dietario,oral,63462,0,magnesio,magnesio
GRAVITON CITRATO DE MAGNESIO,sob.x 30,Pharma Alioth,0,1,18/12/2025,17961,magnesio citrato,,,,No Clasificada,30,unidades,Jarabe/Suspensión oral/Polvo para uso oral,,0, , ,,,Venta Libre,Nacional,No controlado, ,NO CONTROLADO,GRANDE (DE 2 PRES.),Sin informacion (Sin descuento),0,00871,7795513274729,003,00346,11703,00010,undefined,00005,00002, ,7795513274729, ,Suplemento dietario,oral,62653,0,magnesio,magnesio
QUELAT CITRATO DE MAGNESIO 400,comp.x 30,Framingham Pharma,0,1,04/05/2026,28898,magnesio citrato,,,,No Clasificada,30,unidades,Comprimidos/Pastillas/Tabletas/Grageas,,0, , ,,,Venta Libre,Nacional,No controlado, ,NO CONTROLADO,MENOR,Sin informacion (Sin descuento),0,00270,7798008191570,001,00346,11703,00054,undefined,00005,00002, ,7798008191570, ,Suplemento dietario,oral,61755,0,magnesio,magnesio
MAGNESIO CITRATO,cáps.x 60,Laboratorio ENA,0,1,01/05/2026,17200,magnesio citrato,,,,No Clasificada,60,unidades,Comprimidos/Pastillas/Tabletas/Grageas,,0, , ,,,Venta Libre,Nacional,No controlado, ,NO CONTROLADO,MENOR,Sin informacion (Sin descuento),0,00395,7792981070389,001,00346,11703,00054,undefined,00005,00002, ,7792981070389, ,Suplemento dietario,oral,61861,0,magnesio,magnesio
MAGNESIUM CITRATO,400 mg cáps.x 60,Innovapharma,0,1,02/03/2026,19300,magnesio citrato,,,,No Clasificada,60,unidades,Cápsulas/Softgels,,0, , ,,,Venta Libre,Importado,No controlado, ,NO CONTROLADO,MENOR,Sin informacion (Sin descuento),0,00836,7798265480370,001,00346,11703,00002,undefined,00005,00002, ,7798265480370, ,Suplemento dietario,oral,61427,0,magnesio,magnesio
MAGNESIUM MEGA,1000 mg cáps.x 60,Innovapharma,0,1,02/03/2026,28800,magnesio citrato,,,,No Clasificada,60,unidades,Cápsulas/Softgels,,0, , ,,,Venta Libre,Importado,No controlado, ,NO CONTROLADO,MENOR,Sin informacion (Sin descuento),0,00836,7798265480400,001,00346,11703,00002,undefined,00005,00002, ,7798265480400, ,Suplemento dietario,oral,61772,0,magnesio,magnesio
HOLOMAGNESIO INTEGRAL,env.x 150 g,Elea,0,1,08/05/2026,18909,magnesio citrato+asoc.,,,,No Clasificada,20,unidades,Granulados,,0, , ,,,Venta Libre,Nacional,No controlado, ,NO CONTROLADO,MENOR,Sin informacion (Sin descuento),0,00498,7796285295813,001,00346,11727,00048,undefined,00005,00002, ,7796285295813, ,Suplemento dietario,oral,62026,0,magnesio,magnesio
CARDIO MAGNESIO,cáps. x 30,PGN,0,1,02/02/2026,15288,magnesio citrato+asoc.,,,,No Clasificada,30,unidades,Cápsulas/Softgels,,0, , ,,,Venta Libre,Nacional,No controlado, ,NO CONTROLADO,MENOR,Sin informacion (Sin descuento),0,00460,7798056100514,001,00346,11727,00002,undefined,00005,00002, ,7798056100514, ,Suplemento dietario,oral,63413,0,magnesio,magnesio
TRIP MAGNESIO,comp.rec.x 30,Siegfried,0,1,23/04/2026,18842,magnesio citrato+asoc.,,,,No Clasificada,30,unidades,Comprimidos/Pastillas/Tabletas/Grageas,,0, , ,,,Venta Libre,Nacional,No controlado, ,NO CONTROLADO,MENOR,Sin informacion (Sin descuento),0,00903,7798129418082,001,00346,11727,00054,undefined,00005,00002, ,7798129418082, ,Suplemento dietario,oral,63734,0,magnesio,magnesio
HOLOMAGNESIO INTEGRAL,sobres x 30,Elea,0,1,08/05/2026,20675,magnesio citrato+asoc.,,,,mg,30,unidades,Granulados,,0, , ,,,Venta Libre,Nacional,No controlado, ,NO CONTROLADO,MENOR,Sin informacion (Sin descuento),0,00498,7796285297589,001,00346,11727,00048,undefined,00005,00002, ,7796285297589, ,Suplemento dietario,oral,63468,0,magnesio,magnesio
TRIP +45,comp.rec.x 30,Siegfried,0,1,23/04/2026,25640,magnesio citrato+asoc.,,,,No Clasificada,30,unidades,Comprimidos/Pastillas/Tabletas/Grageas,,0, , ,,,Venta Libre,Nacional,No controlado, ,NO CONTROLADO,MENOR,Sin informacion (Sin descuento),0,00903,7798129418068,001,00346,11727,00054,undefined,00005,00002, ,7798129418068, ,Suplemento dietario,oral,63732,0,magnesio,magnesio
MAGNEBE,comp.rec. x 30,Domínguez,0,1,16/04/2026,29101,magnesio citrato+asoc.,,,,No Clasificada,30,unidades,Comprimidos/Pastillas/Tabletas/Grageas,,0, , ,,,Venta Bajo Receta,Nacional,No controlado, ,NO CONTROLADO,MENOR,Sin informacion (Sin descuento),0,00067,7795327069061,001,00321,11727,00054,undefined,00005,00002, ,7795327069061,2285533,Suplemento mineral,oral,63910,0,magnesio,magnesio
MAGNESIUM GLICINATO,400 mg cáps.x 60,Innovapharma,0,1,02/03/2026,21600,magnesio glicinato,,,,No Clasificada,60,unidades,Cápsulas/Softgels,,0, , ,,,Venta Libre,Importado,No controlado, ,NO CONTROLADO,MENOR,Sin informacion (Sin descuento),0,00836,7798265480387,001,00346,11702,00002,undefined,00005,00002, ,7798265480387, ,Suplemento dietario,oral,61426,0,magnesio,magnesio
TREONATO DE MAGNESIO 1000,comp. x 60,Provefarma,0,1,26/02/2026,21939,magnesio treonato+asoc.,,,,No Clasificada,60,unidades,Comprimidos/Pastillas/Tabletas/Grageas,,0, , ,,,Venta Libre,Importado,No controlado, ,NO CONTROLADO,MENOR,Sin informacion (Sin descuento),0,00662,7798119969679,001,00346,11815,00054,undefined,00005,00002, ,7798119969679, ,Suplemento dietario,oral,63606,0,magnesio,magnesio
MAGNESIO SPORT VITAMIN WAY,cáps.x 30,Pharmamerican S.R.L.,0,1,28/03/2026,7039,magnesio+aminoácidos+asoc.,,,,No Clasificada,30,unidades,Cápsulas/Softgels,,0, , ,,,Venta Libre,Nacional,No controlado, ,NO CONTROLADO,MENOR,Sin informacion (Sin descuento),0,00719,7798008295131,001,00346,11428,00002,undefined,00005,00002, ,7798008295131, ,Suplemento dietario,oral,56551,0,magnesio,magnesio
MAGNESIO QUELATO VW,cáps.x 30,Pharmamerican S.R.L.,0,1,28/03/2026,10980,magnesio+aminoácidos+asoc.,,,,No Clasificada,30,unidades,Cápsulas/Softgels,,0, , ,,,Venta Libre,Nacional,No controlado, ,NO CONTROLADO,MENOR,Sin informacion (Sin descuento),0,00719,7798008296565,001,00346,11428,00002,undefined,00005,00002, ,7798008296565, ,Suplemento dietario,oral,61610,0,magnesio,magnesio
MAGNESIO STRESS VW,cáps.x 30,Pharmamerican S.R.L.,0,1,28/03/2026,12209,magnesio+aminoácidos+asoc.,,,,No Clasificada,30,unidades,Cápsulas/Softgels,,0, , ,,,Venta Libre,Nacional,No controlado, ,NO CONTROLADO,MENOR,Sin informacion (Sin descuento),0,00719,7798008296275,001,00346,11428,00002,undefined,00005,00002, ,7798008296275, ,Suplemento dietario,oral,60977,0,magnesio,magnesio
ARTROSTOP CALAMBRES,pouch x 1 x 5 g,Formulab,0,1,04/05/2026,2000,magnesio+asoc.,,,,No Clasificada,1,unidades de 5 g,Granulados,,0, , ,,,Venta Libre,Nacional,No controlado, ,NO CONTROLADO,MENOR,Sin informacion (Sin descuento),0,00788,77944955,001,00346,00062,00048,undefined,00016,00002, ,77944955, ,Suplemento dietario,oral,50202,0,magnesio,magnesio
ARTROSTOP CALAMBRES SIN AZUCAR,pouch x 2 g,Formulab,0,1,04/05/2026,2000,magnesio+asoc.,,,,No Clasificada,1,unidades de 2 g,Granulados,,0, , ,,,Venta Libre,Nacional,No controlado, ,NO CONTROLADO,MENOR,Sin informacion (Sin descuento),0,00788,77962492,001,00346,00062,00048,undefined,00101,00002, ,77962492, ,Suplemento dietario,oral,55063,0,magnesio,magnesio
CITRATO DE MAGNESIO POMELO NATULIV,114 g,Laboratorio ENA,0,1,01/05/2026,14100,magnesio+asoc.,,,,mg,1,unidades de 114 g,Jarabe/Suspensión oral/Polvo para uso oral,,0, , ,,,Venta Libre,Nacional,No controlado, ,NO CONTROLADO,MENOR,Sin informacion (Sin descuento),0,00395,7792981071102,001,00346,00062,00010,undefined,00584,00002, ,7792981071102, ,Suplemento dietario,oral,62569,0,magnesio,magnesio
MULTI MAGNESIO BEBIBLE VW,polvo x 222 g,Pharmamerican S.R.L.,0,1,28/03/2026,18310,magnesio+asoc.,,,,No Clasificada,1,unidades,Batidos/Puré/Jugos/Otros alimentos,,0, , ,,,Venta Libre,Nacional,No controlado, ,NO CONTROLADO,MENOR,Sin informacion (Sin descuento),0,00719,7798008296633,001,00346,00062,00044,undefined,00005,00002, ,7798008296633, ,Suplemento dietario,oral,61609,0,magnesio,magnesio
MAGNESIO MAX,pote x 130 g,San Ceferino,0,1,27/04/2026,19664,magnesio+asoc.,,,,No Clasificada,1,unidades de 130 g,Jarabe/Suspensión oral/Polvo para uso oral,,0, , ,,,Venta Libre,Nacional,No controlado, ,NO CONTROLADO,MENOR,Sin informacion (Sin descuento),0,00664,7798033168387,001,00346,00062,00010,undefined,00126,00002, ,7798033168387, ,Suplemento dietario,oral,63015,0,magnesio,magnesio
CITRATO DE MAGNESIO,polvo x 180 g,Pharmamerican S.R.L.,0,1,28/03/2026,20701,magnesio+asoc.,,,,No Clasificada,1,unidades de 180 g,Jarabe/Suspensión oral/Polvo para uso oral,,0, , ,,,Venta Libre,Nacional,No controlado, ,NO CONTROLADO,MENOR,Sin informacion (Sin descuento),0,00719,7798008296534,001,00346,00062,00010,undefined,00056,00002, ,7798008296534, ,Suplemento dietario,oral,61099,0,magnesio,magnesio
CITRATO DE MAGNESIO VITAMIN WAY,naranja polvo x 180 g,Pharmamerican S.R.L.,0,1,28/03/2026,20701,magnesio+asoc.,,,,No Clasificada,1,unidades de 180 g,Jarabe/Suspensión oral/Polvo para uso oral,,0, , ,,,Venta Libre,Nacional,No controlado, ,NO CONTROLADO,MENOR,Sin informacion (Sin descuento),0,00719,7798008296954,001,00346,00062,00010,undefined,00056,00002, ,7798008296954, ,Suplemento dietario,oral,62978,0,magnesio,magnesio
CITRATO DE MAGNESIO VITAMIN WAY,polvo x 180 g,Pharmamerican S.R.L.,0,1,28/03/2026,22600,magnesio+asoc.,,,,No Clasificada,1,unidades de 180 g,Jarabe/Suspensión oral/Polvo para uso oral,,0, , ,,,Venta Libre,Nacional,No controlado, ,NO CONTROLADO,MENOR,Sin informacion (Sin descuento),0,00719,7798008296961,001,00346,00062,00010,undefined,00056,00002, ,7798008296961, ,Suplemento dietario,oral,62976,0,magnesio,magnesio
CITRATO DE MAGNESIO VITAMIN WAY,polvo x 360 g,Pharmamerican S.R.L.,0,1,28/03/2026,33659,magnesio+asoc.,,,,No Clasificada,1,unidades de 360 g,Jarabe/Suspensión oral/Polvo para uso oral,,0, , ,,,Venta Libre,Nacional,No controlado, ,NO CONTROLADO,GRANDE (DE 2 PRES.),Sin informacion (Sin descuento),0,00719,7798008297029,003,00346,00062,00010,undefined,00220,00002, ,7798008297029, ,Suplemento dietario,oral,63571,0,magnesio,magnesio
ARTROSTOP CALAMBRES,pouch x 4 x 5 g,Formulab,0,1,04/05/2026,8000,magnesio+asoc.,,,,No Clasificada,4,unidades de 5 g,Granulados,,0, , ,,,Venta Libre,Nacional,No controlado, ,NO CONTROLADO,MENOR,Sin informacion (Sin descuento),0,00788,7798193950471,001,00346,00062,00048,undefined,00016,00002, ,7798193950471, ,Suplemento dietario,oral,55007,0,magnesio,magnesio
ARTROSTOP CALAMBRES SIN AZUCAR,pouch x 4 x 2 g,Formulab,0,1,04/05/2026,8000,magnesio+asoc.,,,,No Clasificada,4,unidades de 2 g,Granulados,,0, , ,,,Venta Libre,Nacional,No controlado, ,NO CONTROLADO,MENOR,Sin informacion (Sin descuento),0,00788,7798193950495,001,00346,00062,00048,undefined,00101,00002, ,7798193950495, ,Suplemento dietario,oral,55064,0,magnesio,magnesio
GOTEBORG,comp.x 20,Lafedar,0,1,18/04/2026,19555,magnesio+asoc.,,,,No Clasificada,20,unidades,Comprimidos/Pastillas/Tabletas/Grageas,,0, , ,,,Venta Libre,Nacional,No controlado, ,NO CONTROLADO,MENOR,Sin informacion (Sin descuento),0,00397,7798021292810,001,00346,00062,00054,undefined,00005,00002, ,7798021292810, ,Suplemento dietario,oral,40365,0,magnesio,magnesio
HOLOMAGNESIO B6,comp.x 20,Elea,0,1,16/04/2026,47135,magnesio+asoc.,,,,No Clasificada,20,unidades,Comprimidos/Pastillas/Tabletas/Grageas,,0, , ,,,Venta Bajo Receta,Nacional,No controlado, ,NO CONTROLADO,MENOR,40% de descuento,7,00498,7791848205070,001,00630,00062,00054,undefined,00005,00002,200311000221101,07791848205070,2340391,Normalizador neuromuscular,oral,6476,0,magnesio,magnesio
TOTAL MAGNESIANO ENERGIZANTE,comp.eferv.x 24,Temis-Lostaló,0,1,29/04/2026,32635,magnesio+asoc.,,,,No Clasificada,24,unidades,Comprimidos/Pastillas/Tabletas/Grageas,,0, , ,,,Venta Bajo Receta,Nacional,No controlado, ,NO CONTROLADO,GRANDE (DE 2 PRES.),40% de descuento,7,00229,7795337908435,003,00536,00062,00054,undefined,00005,00002,236521000221109,07795337908435,4585061,Energizante psicofísico,oral,25768,0,magnesio,magnesio
TOTAL MAGNESIANO VITALIZANTE PLUS,comp.eferv.x 24,Temis-Lostaló,0,1,29/04/2026,32810,magnesio+asoc.,,,,No Clasificada,24,unidades,Comprimidos/Pastillas/Tabletas/Grageas,,0, , ,,,Venta Bajo Receta,Nacional,No controlado, ,NO CONTROLADO,GRANDE (DE 2 PRES.),40% de descuento,7,00229,7795337907001,003,00536,00062,00054,undefined,00005,00002,236421000221105,07795337907001,6388262,Energizante psicofísico,oral,52495,0,magnesio,magnesio
ARTROSTOP CALAMBRES,sob.x 25 x 5 g,Formulab,0,1,04/05/2026,50000,magnesio+asoc.,,,,No Clasificada,25,unidades de 5 g,Granulados,,0, , ,,,Venta Libre,Nacional,No controlado, ,NO CONTROLADO,HOSPITALARIO,Sin informacion (Sin descuento),0,00788,7798193950013,011,00346,00062,00048,undefined,00016,00002, ,7798193950013, ,Suplemento dietario,oral,55834,0,magnesio,magnesio
ARTROSTOP CALAMBRES SIN AZUCAR,pouch x 25 x 4 g,Formulab,0,1,04/05/2026,50000,magnesio+asoc.,,,,No Clasificada,25,unidades de 4 g,Granulados,,0, , ,,,Venta Libre,Nacional,No controlado, ,NO CONTROLADO,MENOR,Sin informacion (Sin descuento),0,00788,7798193951782,001,00346,00062,00048,undefined,00117,00002, ,7798193951782, ,Suplemento dietario,oral,62256,0,magnesio,magnesio
LAX FIBRAS,comp.x 30,Provefarma,0,1,26/02/2026,6945,magnesio+asoc.,,,,No Clasificada,30,unidades,Comprimidos/Pastillas/Tabletas/Grageas,,0, , ,,,Venta Libre,Nacional,No controlado, ,NO CONTROLADO,MENOR,Sin informacion (Sin descuento),0,00662,7798119960102,001,00346,00062,00054,undefined,00005,00002, ,7798119960102, ,Suplemento dietario,oral,46220,0,magnesio,magnesio
MAGNESIO VITAMIN WAY,comp.x 30,Pharmamerican S.R.L.,0,1,28/03/2026,6953,magnesio+asoc.,,,,No Clasificada,30,unidades,Comprimidos/Pastillas/Tabletas/Grageas,,0, , ,,,Venta Libre,Nacional,No controlado, ,NO CONTROLADO,MENOR,Sin informacion (Sin descuento),0,00719,7798008294202,001,00346,00062,00054,undefined,00005,00002, ,7798008294202, ,Suplemento dietario,oral,53010,0,magnesio,magnesio
MAGNESIO 400,comp.x 30,Provefarma,0,1,26/02/2026,8268,magnesio+asoc.,,,,No Clasificada,30,unidades,Comprimidos/Pastillas/Tabletas/Grageas,,0, , ,,,Venta Libre,Nacional,No controlado, ,NO CONTROLADO,MENOR,Sin informacion (Sin descuento),0,00662,7798119960232,001,00346,00062,00054,undefined,00005,00002, ,7798119960232, ,Suplemento dietario,oral,47064,0,magnesio,magnesio
MAGNESIO Y VITAMINA D INCAICO,comp.x 30,Donato Zurlo,0,1,01/04/2026,8800,magnesio+asoc.,,,,No Clasificada,30,unidades,Comprimidos/Pastillas/Tabletas/Grageas,,0, , ,,,Venta Libre,Nacional,No controlado, ,NO CONTROLADO,MENOR,Sin informacion (Sin descuento),0,00405,7797290000249,001,00346,00062,00054,undefined,00005,00002, ,7797290000249, ,Suplemento dietario,oral,37300,0,magnesio,magnesio
MULTI MAGNESIO VW,cáps. x 30,Pharmamerican S.R.L.,0,1,28/03/2026,10155,magnesio+asoc.,,,,No Clasificada,30,unidades,Cápsulas/Softgels,,0, , ,,,Venta Libre,Nacional,No controlado, ,NO CONTROLADO,MENOR,Sin informacion (Sin descuento),0,00719,7798008296640,001,00346,00062,00002,undefined,00005,00002, ,7798008296640, ,Suplemento dietario,oral,61608,0,magnesio,magnesio
MAGNESIO ENERGY,cáps. x 30,PGN,0,1,02/02/2026,10850,magnesio+asoc.,,,,No Clasificada,30,unidades,Cápsulas/Softgels,,0, , ,,,Venta Libre,Nacional,No controlado, ,NO CONTROLADO,MENOR,Sin informacion (Sin descuento),0,00460,7798056100513,001,00346,00062,00002,undefined,00005,00002, ,7798056100513, ,Suplemento dietario,oral,63304,0,magnesio,magnesio
CITRATO DE MAGNESIO,cáps. x 30,Pharmamerican S.R.L.,0,1,28/03/2026,12184,magnesio+asoc.,,,,No Clasificada,30,unidades,Cápsulas/Softgels,,0, , ,,,Venta Libre,Nacional,No controlado, ,NO CONTROLADO,MENOR,Sin informacion (Sin descuento),0,00719,7798008296527,001,00346,00062,00002,undefined,00005,00002, ,7798008296527, ,Suplemento dietario,oral,61163,0,magnesio,magnesio
MAGNESIO RELAX,cáps. x 30,PGN,0,1,02/02/2026,12613,magnesio+asoc.,,,,No Clasificada,30,unidades,Cápsulas/Softgels,,0, , ,,,Venta Libre,Nacional,No controlado, ,NO CONTROLADO,MENOR,Sin informacion (Sin descuento),0,00460,7798056100512,001,00346,00062,00002,undefined,00005,00002, ,7798056100512, ,Suplemento dietario,oral,63305,0,magnesio,magnesio
CITRATO DE MAGNESIO SLEEP + CALM VW,cáps. x 30,Pharmamerican S.R.L.,0,1,28/03/2026,14467,magnesio+asoc.,,,,No Clasificada,30,unidades,Cápsulas/Softgels,,0, , ,,,Venta Libre,Nacional,No controlado, ,NO CONTROLADO,MENOR,Sin informacion (Sin descuento),0,00719,7798008296978,001,00346,00062,00002,undefined,00005,00002, ,7798008296978, ,Suplemento dietario,oral,63493,0,magnesio,magnesio
CITRATO DE MAGNESIO 400 INCAICO,cáps. x 30,Donato Zurlo,0,1,01/04/2026,16300,magnesio+asoc.,,,,No Clasificada,30,unidades,Comprimidos/Pastillas/Tabletas/Grageas,,0, , ,,,Venta Libre,Nacional,No controlado, ,NO CONTROLADO,MENOR,Sin informacion (Sin descuento),0,00405,7797290000584,001,00346,00062,00054,undefined,00005,00002, ,7797290000584, ,Suplemento dietario,oral,61590,0,magnesio,magnesio
K2 + MAGNESIO VW,cáps.x 30,Pharmamerican S.R.L.,0,1,28/03/2026,17202,magnesio+asoc.,,,,No Clasificada,30,unidades,Cápsulas/Softgels,,0, , ,,,Venta Libre,Nacional,No controlado, ,NO CONTROLADO,MENOR,Sin informacion (Sin descuento),0,00719,7798008296572,001,00346,00062,00002,undefined,00005,00002, ,7798008296572, ,Suplemento dietario,oral,61678,0,magnesio,magnesio
102 FOCUS,comp. rec. x 30,Laboratorio Gramon,0,1,05/05/2026,24977,magnesio+asoc.,,,,No Clasificada,30,unidades,Comprimidos/Pastillas/Tabletas/Grageas,,0, , ,,,Venta Libre,Nacional,No controlado, ,NO CONTROLADO,MENOR,Sin informacion (Sin descuento),0,00763,7791984001727,001,00346,00062,00054,undefined,00005,00002, ,7791984001727, ,Suplemento dietario,oral,63834,0,magnesio,magnesio
TOTAL MAGNESIANO VITALIZANTE PLUS,comp.rec.x 30,Temis-Lostaló,0,1,29/04/2026,26640,magnesio+asoc.,,,,No Clasificada,30,unidades,Comprimidos/Pastillas/Tabletas/Grageas,,0, , ,,,Venta Bajo Receta,Nacional,No controlado, ,NO CONTROLADO,MENOR,40% de descuento,7,00229,7795337906929,001,00536,00062,00054,undefined,00005,00002,236431000221108,07795337906929,6388391,Energizante psicofísico,oral,52493,0,magnesio,magnesio
TOTAL MAGNESIANO ENERGIZANTE,comp.rec.x 30,Temis-Lostaló,0,1,29/04/2026,26807,magnesio+asoc.,,,,No Clasificada,30,unidades,Comprimidos/Pastillas/Tabletas/Grageas,,0, , ,,,Venta Bajo Receta,Nacional,No controlado, ,NO CONTROLADO,MENOR,40% de descuento,7,00229,7795337900101,001,00536,00062,00054,undefined,00005,00002,236491000221107,07795337900101,4937842,Energizante psicofísico,oral,42227,0,magnesio,magnesio
TOTAL MAGNESIANO SPORT,comp.rec.x 30,Temis-Lostaló,0,1,29/04/2026,29536,magnesio+asoc.,,,,No Clasificada,30,unidades,Comprimidos/Pastillas/Tabletas/Grageas,,0, , ,,,Venta Bajo Receta,Nacional,No controlado, ,NO CONTROLADO,MENOR,40% de descuento,7,00229,7795337907339,001,00683,00062,00054,undefined,00005,00002,236331000221104,07795337907339,6325711,Reconstituyente gral.,oral,51627,0,magnesio,magnesio
TOTAL MAGNESIANO SPORT,sob.x 30,Temis-Lostaló,0,1,29/04/2026,30891,magnesio+asoc.,,,,No Clasificada,30,unidades,Jarabe/Suspensión oral/Polvo para uso oral,,0, , ,,,Venta Bajo Receta,Nacional,No controlado, ,NO CONTROLADO,MENOR,40% de descuento,7,00229,7795337900385,001,00683,00062,00010,undefined,00005,00002,313771000221109,07795337900385,2983324,Reconstituyente gral.,oral,45691,0,magnesio,magnesio
TOTAL MAGNESIANO ANTIOXIDANTE,comp.rec.x 30,Temis-Lostaló,0,1,29/04/2026,34236,magnesio+asoc.,,,,No Clasificada,30,unidades,Comprimidos/Pastillas/Tabletas/Grageas,,0, , ,,,Venta Bajo Receta,Nacional,No controlado, ,NO CONTROLADO,MENOR,40% de descuento,7,00229,7795337908015,001,00463,00062,00054,undefined,00005,00002,242321000221102,07795337908015,4410802,Antioxidante,oral,21984,0,magnesio,magnesio
TOTAL MAGNESIANO STRESS,pvo.eferv.sob.x 30,Temis-Lostaló,0,1,29/04/2026,52185,magnesio+asoc.,,,,No Clasificada,30,unidades,Jarabe/Suspensión oral/Polvo para uso oral,,0, , ,,,Venta Bajo Receta,Nacional,No controlado, ,NO CONTROLADO,MENOR,40% de descuento,7,00229,7795337900422,001,00590,00062,00010,undefined,00005,00002,313781000221107,07795337900422,2963944,Antistress,oral,45690,0,magnesio,magnesio
TOTAL MAGNESIANO B6,comp.rec.x 30,Temis-Lostaló,0,1,29/04/2026,70162,magnesio+asoc.,,,,No Clasificada,30,unidades,Comprimidos/Pastillas/Tabletas/Grageas,,0, , ,,,Venta Bajo Receta,Nacional,No controlado, ,NO CONTROLADO,MENOR,40% de descuento,7,00229,7795337903676,001,00630,00062,00054,undefined,00005,00002,242081000221101,07795337903676,4582753,Normalizador neuromuscular,oral,48648,0,magnesio,magnesio
HOLOMAGNESIO B6,comp.x 50,Elea,0,1,16/04/2026,102731,magnesio+asoc.,,,,No Clasificada,50,unidades,Comprimidos/Pastillas/Tabletas/Grageas,,0, , ,,,Venta Bajo Receta,Nacional,No controlado, ,NO CONTROLADO,GRANDE (DE 2 PRES.),40% de descuento,7,00498,7791848205087,003,00630,00062,00054,undefined,00005,00002,193531000221109,07791848205087,2340393,Normalizador neuromuscular,oral,6477,0,magnesio,magnesio
MAGNESIO VW,cáps.x 60,Pharmamerican S.R.L.,0,1,28/03/2026,12701,magnesio+asoc.,,,,No Clasificada,60,unidades,Cápsulas/Softgels,,0, , ,,,Venta Libre,Nacional,No controlado, ,NO CONTROLADO,MENOR,Sin informacion (Sin descuento),0,00719,7798008296374,001,00346,00062,00002,undefined,00005,00002, ,7798008296374, ,Suplemento dietario,oral,61139,0,magnesio,magnesio
MAGNESIO + CALCIO VITAMIN WAY,cáps.x 60,Pharmamerican S.R.L.,0,1,28/03/2026,16339,magnesio+asoc.,,,,No Clasificada,60,unidades,Cápsulas/Softgels,,0, , ,,,Venta Libre,Nacional,No controlado, ,NO CONTROLADO,MENOR,Sin informacion (Sin descuento),0,00719,7798008296206,001,00346,00062,00002,undefined,00005,00002, ,7798008296206, ,Suplemento dietario,oral,60298,0,magnesio,magnesio
MAGNESIO,cáps.x 60,Laboratorio WPN,0,1,09/03/2026,18200,magnesio+asoc.,,,,No Clasificada,60,unidades,Cápsulas/Softgels,,0, , ,,,Venta Libre,Nacional,No controlado, ,NO CONTROLADO,MENOR,Sin informacion (Sin descuento),0,00911,658325169676,001,00346,00062,00002,undefined,00005,00002, ,658325169676, ,Suplemento dietario,oral,60988,0,magnesio,magnesio
CITRATO DE MAGNESIO,cáps. x 60,Pharmamerican S.R.L.,0,1,28/03/2026,21938,magnesio+asoc.,,,,No Clasificada,60,unidades,Cápsulas/Softgels,,0, , ,,,Venta Libre,Nacional,No controlado, ,NO CONTROLADO,GRANDE (DE 2 PRES.),Sin informacion (Sin descuento),0,00719,7798008296879,003,00346,00062,00002,undefined,00005,00002, ,7798008296879, ,Suplemento dietario,oral,62576,0,magnesio,magnesio
GOTEBORG,comp.x 60,Lafedar,0,1,18/04/2026,48815,magnesio+asoc.,,,,No Clasificada,60,unidades,Comprimidos/Pastillas/Tabletas/Grageas,,0, , ,,,Venta Libre,Nacional,No controlado, ,NO CONTROLADO,GRANDE (DE 2 PRES.),Sin informacion (Sin descuento),0,00397,7798021292827,003,00346,00062,00054,undefined,00005,00002, ,7798021292827, ,Suplemento dietario,oral,39519,0,magnesio,magnesio
102 MAGNESIO GUMMIES,gomitas x 90,Laboratorio Gramon,0,1,05/05/2026,21166,magnesio+asoc.,,,,No Clasificada,90,unidades,Comprimidos/Pastillas/Tabletas/Grageas,,0, , ,,,Venta Libre,Nacional,No controlado, ,NO CONTROLADO,MENOR,Sin informacion (Sin descuento),0,00763,7791984001529,001,00346,00062,00054,undefined,00005,00002, ,7791984001529, ,Suplemento dietario,oral,62384,0,magnesio,magnesio
MAGNESIO Y VITAMINA D INCAICO,blistera comp.x 200,Donato Zurlo,0,1,01/04/2026,52300,magnesio+asoc.,,,,No Clasificada,200,unidades,Comprimidos/Pastillas/Tabletas/Grageas,,0, , ,,,Venta Libre,Nacional,No controlado, ,NO CONTROLADO,GRANDE (DE 2 PRES.),Sin informacion (Sin descuento),0,00405,7797290000577,003,00346,00062,00054,undefined,00005,00002, ,7797290000577, ,Suplemento dietario,oral,61298,0,magnesio,magnesio
CITRATO DE MAGNESIO 400 INCAICO,blistera cáps.x 200,Donato Zurlo,0,1,01/04/2026,99000,magnesio+asoc.,,,,No Clasificada,200,unidades,Cápsulas/Softgels,,0, , ,,,Venta Libre,Nacional,No controlado, ,NO CONTROLADO,GRANDE (DE 2 PRES.),Sin informacion (Sin descuento),0,00405,7797290000614,003,00346,00062,00002,undefined,00005,00002, ,7797290000614, ,Suplemento dietario,oral,64107,0,magnesio,magnesio
TOTAL MAGNESIANO GINSENG,pvo.sob.x 30,Temis-Lostaló,0,1,29/04/2026,57953,magnesio+ginseng+asoc.,,,,No Clasificada,30,unidades,Jarabe/Suspensión oral/Polvo para uso oral,,0, , ,,,Venta Bajo Receta,Nacional,No controlado, ,NO CONTROLADO,MENOR,40% de descuento,7,00229,7795337900590,001,00683,10420,00010,undefined,00005,00002,313681000221104,07795337900590,859113,Reconstituyente gral.,oral,45694,0,magnesio,magnesio
ZMA,cáps. x 60,Laboratorio ENA,0,1,01/05/2026,16300,magnesio+vit.b6+zinc,,,,No Clasificada,60,unidades,Cápsulas/Softgels,,0, , ,,,Venta Libre,Nacional,No controlado, ,NO CONTROLADO,MENOR,Sin informacion (Sin descuento),0,00395,7792981068027,001,00346,11627,00002,undefined,00005,00002, ,7792981068027, ,Suplemento dietario,oral,60699,0,magnesio,magnesio
TOTAL MAGNESIANO VITAMINA C,comp.eferv.x 24,Temis-Lostaló,0,1,29/04/2026,42353,magnesio+vit.c,,,,No Clasificada,24,unidades,Comprimidos/Pastillas/Tabletas/Grageas,,0, , ,,,Venta Bajo Receta,Nacional,No controlado, ,NO CONTROLADO,MENOR,40% de descuento,7,00229,7795337904314,001,00683,10134,00054,undefined,00005,00002,236951000221107,07795337904314,2774271,Reconstituyente gral.,oral,9453,0,magnesio,magnesio
TOTAL MAGNESIANO VITAMINA C,pvo.eferv.sob.x 30,Temis-Lostaló,0,1,29/04/2026,51820,magnesio+vit.c,,,,No Clasificada,30,unidades,Jarabe/Suspensión oral/Polvo para uso oral,,0, , ,,,Venta Bajo Receta,Nacional,No controlado, ,NO CONTROLADO,MENOR,40% de descuento,7,00229,7795337901122,001,00683,10134,00010,undefined,00005,00002, ,7795337901122,3023493,Reconstituyente gral.,oral,45693,0,magnesio,magnesio
LOGICAL,200 mg comp.x 30,Teva Argentina,0,1,13/04/2026,26108,"magnesio,valproato",,,,mg,30,unidades,Comprimidos/Pastillas/Tabletas/Grageas,,0, , ,,,Venta Bajo Receta,Nacional,No controlado, ,NO CONTROLADO,MENOR,80% de descuento,6,00518,7795326124709,001,00037,10406,00054,undefined,00005,00002,247941000221108,07795326124709,1611595,Anticonvulsivo,oral,7319,16497,magnesio,magnesio
LOGICAL,400 mg comp.x 30,Teva Argentina,0,1,13/04/2026,52208,"magnesio,valproato",,,,mg,30,unidades,Comprimidos/Pastillas/Tabletas/Grageas,,0, , ,,,Venta Bajo Receta,Nacional,No controlado, ,NO CONTROLADO,MENOR,80% de descuento,6,00518,7795326125508,001,00037,10406,00054,undefined,00005,00002,247971000221103,07795326125508,2413574,Anticonvulsivo,oral,7321,34408,magnesio,magnesio
LOGICAL,200 mg comp.x 60,Teva Argentina,0,1,13/04/2026,50670,"magnesio,valproato",,,,mg,60,unidades,Comprimidos/Pastillas/Tabletas/Grageas,,0, , ,,,Venta Bajo Receta,Nacional,No controlado, ,NO CONTROLADO,GRANDE (DE 2 PRES.),80% de descuento,6,00518,7795326124808,003,00037,10406,00054,undefined,00005,00002,247951000221105,07795326124808,1611594,Anticonvulsivo,oral,7320,29127,magnesio,magnesio
LOGICAL,400 mg comp.x 60,Teva Argentina,0,1,13/04/2026,95891,"magnesio,valproato",,,,mg,60,unidades,Comprimidos/Pastillas/Tabletas/Grageas,,0, , ,,,Venta Bajo Receta,Nacional,No controlado, ,NO CONTROLADO,GRANDE (DE 2 PRES.),80% de descuento,6,00518,7795326125607,003,00037,10406,00054,undefined,00005,00002,247981000221100,07795326125607,2413575,Anticonvulsivo,oral,7331,63707,magnesio,magnesio
SPRAY CORPORAL CALMA MAGNESIO + LAVANDA,spray x 125 ml,Dr. Madaus,0,1,05/05/2026,26700,producto cosmético,,,,No Clasificada,1,unidades de 125 ml,Solución de uso externo/Loción,,0, , ,,,Venta Libre,Nacional,No controlado, ,NO CONTROLADO,MENOR,Sin informacion (Sin descuento),0,00366,7798028624225,001,00412,10630,00027,undefined,00072,00009, ,7798028624225, ,Dermatocosméticos,uso externo,63322,0,magnesio,magnesio
SERUM FACIAL CON MAGNESIO,sérum x 30 ml,Dr. Madaus,0,1,05/05/2026,28450,producto cosmético,,,,No Clasificada,1,unidades de 30 ml,Cremas/Geles/Pomadas/Ungüentos,,0, , ,,,Venta Libre,Nacional,No controlado, ,NO CONTROLADO,MENOR,Sin informacion (Sin descuento),0,00366,7798028624218,001,00412,10630,00004,undefined,00048,00009, ,7798028624218, ,Dermatocosméticos,uso externo,63321,0,magnesio,magnesio
CITRATO DE MAGNESIO + K2 + D3,fco. x 90 gomitas,Provefarma,0,1,26/02/2026,13781,vit.+asoc.,,,,No Clasificada,10,unidades,Caramelos,,0, , ,,,Venta Libre,Nacional,No controlado, ,NO CONTROLADO,MENOR,Sin informacion (Sin descuento),0,00662,7798119969488,001,00346,00924,00014,undefined,00005,00002, ,7798119969488, ,Suplemento dietario,oral,61601,0,magnesio,magnesio
SUPRADYN MAGNESIO,comp. rec.x 30,Bayer Consumer,0,1,06/05/2026,16625,vit.+minerales,,,,No Clasificada,30,unidades,Comprimidos/Pastillas/Tabletas/Grageas,,0, , ,,,Venta Libre,Nacional,No controlado, ,NO CONTROLADO,MENOR,Sin informacion (Sin descuento),0,00654,7793640992929,001,00498,09285,00054,undefined,00005,00002, ,7793640992929, ,Polivitamínico Polimineral,oral,63778,0,magnesio,magnesio
POLPER CALCIO-MAGNESIO,comp.x 30,Casasco,0,1,27/04/2026,27007,vit.+minerales,,,,No Clasificada,30,unidades,Comprimidos/Pastillas/Tabletas/Grageas,,0, , ,,,Venta Bajo Receta,Nacional,No controlado, ,NO CONTROLADO,MENOR,40% de descuento,7,00045,7791909412904,001,00683,09285,00054,undefined,00005,00002,236621000221108,07791909412904,4005072,Reconstituyente gral.,oral,18053,0,magnesio,magnesio
102 MAGNESIO,comp. rec. x 30,Laboratorio Gramon,0,1,05/05/2026,16958,vit.+minerales+asoc.,,,,No Clasificada,30,unidades,Comprimidos/Pastillas/Tabletas/Grageas,,0, , ,,,Venta Libre,Nacional,No controlado, ,NO CONTROLADO,MENOR,Sin informacion (Sin descuento),0,00763,7791984001512,001,00346,10808,00054,undefined,00005,00002, ,7791984001512, ,Suplemento dietario,oral,62383,0,magnesio,magnesio
TOTAL MAGNESIANO VITALIZANTE,comp.eferv.x 24,Temis-Lostaló,0,1,29/04/2026,23572,vit.c+magnesio+asoc.,,,,No Clasificada,24,unidades,Comprimidos/Pastillas/Tabletas/Grageas,,0, , ,,,Venta Libre,Nacional,No controlado, ,NO CONTROLADO,MENOR,Sin informacion (Sin descuento),0,00229,7795337991086,001,00536,11200,00054,undefined,00005,00002, ,7795337991086, ,Energizante psicofísico,oral,52635,0,magnesio,magnesio
TOTAL MAGNESIANO VITALIZANTE,comp.rec.x 30,Temis-Lostaló,0,1,29/04/2026,19116,vit.c+magnesio+asoc.,,,,No Clasificada,30,unidades,Comprimidos/Pastillas/Tabletas/Grageas,,0, , ,,,Venta Libre,Nacional,No controlado, ,NO CONTROLADO,MENOR,Sin informacion (Sin descuento),0,00229,7795337991062,001,00536,11200,00054,undefined,00005,00002, ,7795337991062, ,Energizante psicofísico,oral,52634,0,magnesio,magnesio
VITAMINA D VITAMIN WAY,cáps.x 30,Pharmamerican S.R.L.,0,1,28/03/2026,8509,vit.d+magnesio,,,,No Clasificada,30,unidades,Cápsulas/Softgels,,0, , ,,,Venta Libre,Nacional,No controlado, ,NO CONTROLADO,MENOR,Sin informacion (Sin descuento),0,00719,7798008295872,001,00346,11503,00002,undefined,00005,00002, ,7798008295872, ,Suplemento dietario,oral,57469,0,magnesio,magnesio
VITAMINA D,cáps. x 30,Laboratorio WPN,0,1,09/03/2026,14300,vit.d+magnesio,,,,No Clasificada,30,unidades,Cápsulas/Softgels,,0, , ,,,Venta Libre,Nacional,No controlado, ,NO CONTROLADO,MENOR,Sin informacion (Sin descuento),0,00911,7798419660023,001,00346,11503,00002,undefined,00005,00002, ,7798419660023, ,Suplemento dietario,oral,61212,0,magnesio,magnesio
FORCAL D,cáps.x 30,Eurolab,0,1,21/04/2026,21250,vit.d+vit.c+zinc+calcio+magnesio,,,,No Clasificada,30,unidades,Cápsulas/Softgels,,0, , ,,,Venta Libre,Nacional,No controlado, ,NO CONTROLADO,MENOR,Sin informacion (Sin descuento),0,00633,7798122341493,001,00346,11490,00002,undefined,00005,00002, ,7798122341493, ,Suplemento dietario,oral,57183,0,magnesio,magnesio
AMINOTERAPIA ADVANCED,comp. x 30,Megalabs Argentina,0,1,04/05/2026,43919,cistina+biotina+hierro+zinc,,,,No Clasificada,30,unidades,Comprimidos/Pastillas/Tabletas/Grageas,,0, , ,,,Venta Libre,Nacional,No controlado, ,NO CONTROLADO,MENOR,Sin informacion (Sin descuento),0,00193,7791763338228,001,00346,11513,00054,undefined,00005,00002, ,7791763338228, ,Suplemento dietario,oral,57685,0,hierro,hierro
AMINOTERAPIA ADVANCED,comp. x 60,Megalabs Argentina,0,1,04/05/2026,79814,cistina+biotina+hierro+zinc,,,,No Clasificada,60,unidades,Comprimidos/Pastillas/Tabletas/Grageas,,0, , ,,,Venta Libre,Nacional,No controlado, ,NO CONTROLADO,GRANDE (DE 2 PRES.),Sin informacion (Sin descuento),0,00193,7791763338235,003,00346,11513,00054,undefined,00005,00002, ,7791763338235, ,Suplemento dietario,oral,57686,0,hierro,hierro
HIERRO RICHET,80 mg comp.x 40,Richet,0,1,18/03/2026,42725,"fólico,ác.+asoc.",,,,No Clasificada,40,unidades,Comprimidos/Pastillas/Tabletas/Grageas,,0, , ,,,Venta Bajo Receta,Nacional,No controlado, ,NO CONTROLADO,MENOR,Sin informacion (Sin descuento),0,00196,7795336296120,001,00028,10407,00054,undefined,00005,00002, ,7795336296120,5747973,Antianémico,oral,63931,0,hierro,hierro
MONOFER,100 mg/ml f.a.x 1 x 5 ml,Richmond,0,1,09/04/2026,422867,hierro,,,,mg/ml,1,unidades de 5 ml,Ampollas/Frascos-Ampolla/Liofilizados/Soluc.Parent,,0, , ,,,Venta Bajo Receta,Importado,No controlado, ,NO CONTROLADO,MENOR,Sin informacion (Sin descuento),0,00194,7795348001514,001,00028,00879,00003,undefined,00014,00001,445701000221100,07795348424771,6213716,Antianémico,No Clasificada,52580,0,hierro,hierro
FERINJECT,f.a.x 1 x 10 ml,Temis-Lostaló,0,1,29/04/2026,445779,hierro,,,,No Clasificada,1,unidades de 10 ml,Ampollas/Frascos-Ampolla/Liofilizados/Soluc.Parent,,0, , ,,,Venta Bajo Receta,Nacional,No controlado, ,NO CONTROLADO,MENOR,Sin informacion (Sin descuento),0,00229,7795300000104,001,00028,00879,00003,undefined,00015,00004,277981000221101,07795337901306,598200,Antianémico,inyectable IV,46213,0,hierro,hierro
FERINJECT,f.a.x 1 x 20 ml,Temis-Lostaló,0,1,29/04/2026,802403,hierro,,,,No Clasificada,1,unidades de 20 ml,Ampollas/Frascos-Ampolla/Liofilizados/Soluc.Parent,,0, , ,,,Venta Bajo Receta,Nacional,No controlado, ,NO CONTROLADO,GRANDE (DE 2 PRES.),Sin informacion (Sin descuento),0,00229,7795337901511,003,00028,00879,00003,undefined,00019,00004, ,7795337901511,5982001,Antianémico,inyectable IV,63595,0,hierro,hierro
MONOFER,100 mg/ml f.a.x 1 x 10ml,Richmond,0,1,09/04/2026,837526,hierro,,,,mg/ml,1,unidades de 10 ml,Ampollas/Frascos-Ampolla/Liofilizados/Soluc.Parent,,0, , ,,,Venta Bajo Receta,Importado,No controlado, ,NO CONTROLADO,GRANDE (DE 2 PRES.),Sin informacion (Sin descuento),0,00194,7795348001521,003,00028,00879,00003,undefined,00015,00001,445691000221100,07795348424788,6213715,Antianémico,No Clasificada,49597,0,hierro,hierro
YECTAFER,a.x 5,Rontag,0,1,01/05/2026,44246,hierro,,,,mg/ml,5,unidades de 2 ml,Ampollas/Frascos-Ampolla/Liofilizados/Soluc.Parent,,0, , ,,,Venta Bajo Receta,Nacional,No controlado, ,NO CONTROLADO,MENOR,50% de descuento,2,00200,7798006871702,001,00028,00879,00003,undefined,00012,00003,317761000221105,07798239770629,70302,Antianémico,inyectable IM,32855,42874,hierro,hierro
YECTAFER,a.x 10,Rontag,0,1,01/05/2026,88492,hierro,,,,mg/ml,10,unidades de 2 ml,Ampollas/Frascos-Ampolla/Liofilizados/Soluc.Parent,,0, , ,,,Venta Bajo Receta,Nacional,No controlado, ,NO CONTROLADO,GRANDE (DE 2 PRES.),50% de descuento,2,00200,7798006871719,003,00028,00879,00003,undefined,00012,00003,317741000221106,07798239770636,70303,Antianémico,inyectable IM,786,85748,hierro,hierro
QUELAT HIERRO,cáps.gastrorres.x 30,Framingham Pharma,0,1,04/05/2026,36641,hierro bisglicinato,,,,No Clasificada,30,unidades,Cápsulas/Softgels,,0, , ,,,Venta Libre,Nacional,No controlado, ,NO CONTROLADO,MENOR,Sin informacion (Sin descuento),0,00270,7798008190993,001,00346,11498,00002,undefined,00005,00002, ,7798008190993, ,Suplemento dietario,oral,57403,0,hierro,hierro
YECTAFER TABS,40/0.5 mg comp.rec.x 20,Rontag,0,1,01/05/2026,23606,"hierro+fólico,ác.",,,,mg,20,unidades,Comprimidos/Pastillas/Tabletas/Grageas,,0, , ,,,Venta Bajo Receta,Nacional,No controlado, ,NO CONTROLADO,MENOR,50% de descuento,2,00200,7798239770186,001,00028,00426,00054,undefined,00005,00002,240241000221101,07798239770186,5971681,Antianémico,oral,47219,19941,hierro,hierro
HIERROQUICK 40,comp.rec.x 20,Megalabs Argentina,0,1,04/05/2026,26060,"hierro+fólico,ác.",,,,mg,20,unidades,Comprimidos/Pastillas/Tabletas/Grageas,,0, , ,,,Venta Bajo Receta,Nacional,No controlado, ,NO CONTROLADO,MENOR,50% de descuento,2,00193,7791763001191,001,00028,00426,00054,undefined,00005,00002,462441000221109,07791763001191,3813931,Antianémico,oral,15046,14338,hierro,hierro
HEMOFER FOLIC,comp.x 20,Lafedar,0,1,18/04/2026,29599,"hierro+fólico,ác.",,,,mg,20,unidades,Comprimidos/Pastillas/Tabletas/Grageas,,0, , ,,,Venta Bajo Receta,Nacional,No controlado, ,NO CONTROLADO,MENOR,50% de descuento,2,00397,7798021297235,001,00028,00426,00054,undefined,00005,00002,243231000221101,07798021297235,5699682,Antianémico,oral,41341,17644,hierro,hierro
YECTAFER TABS,80/1 mg comp.rec.x 20,Rontag,0,1,01/05/2026,32474,"hierro+fólico,ác.",,,,mg,20,unidades,Comprimidos/Pastillas/Tabletas/Grageas,,0, , ,,,Venta Bajo Receta,Nacional,No controlado, ,NO CONTROLADO,MENOR,50% de descuento,2,00200,7798239770209,001,00028,00426,00054,undefined,00005,00002,240411000221104,07798239770209,5971711,Antianémico,oral,47221,29706,hierro,hierro
HIERROQUICK 80,comp.rec.x 20,Megalabs Argentina,0,1,04/05/2026,35895,"hierro+fólico,ác.",,,,mg,20,unidades,Comprimidos/Pastillas/Tabletas/Grageas,,0, , ,,,Venta Bajo Receta,Nacional,No controlado, ,NO CONTROLADO,MENOR,50% de descuento,2,00193,7791763001238,001,00028,00426,00054,undefined,00005,00002,240421000221109,07791763001238,3814001,Antianémico,oral,15048,24683,hierro,hierro
SIDERBLUT FOLIC,comp.rec.x 30,Siegfried,0,1,23/04/2026,19351,"hierro+fólico,ác.",,,,mg,30,unidades,Comprimidos/Pastillas/Tabletas/Grageas,,0, , ,,,Venta Bajo Receta,Nacional,No controlado, ,NO CONTROLADO,MENOR,Sin informacion (Sin descuento),0,00903,7795380004498,001,00028,00426,00054,undefined,00005,00002,195551000221104,07798129416200,5623684,Antianémico,oral,40350,0,hierro,hierro
SULFATO FERROSO RICHET,525 mg comp.x 30 (TRZB),Richet,0,1,18/03/2026,22655,"hierro+fólico,ác.",,,,mg,30,unidades,Comprimidos/Pastillas/Tabletas/Grageas,,0, , ,,,Venta Bajo Receta,Nacional,No controlado, ,NO CONTROLADO,MENOR,50% de descuento,2,00196,7795336075114,001,00028,00426,00054,undefined,00005,00002,98791000221103,07795336075114,4070821,Antianémico,oral,17811,21141,hierro,hierro
FERRETAB COMPUESTO,cáps.x 30,Biol,0,1,28/04/2026,37298,"hierro+fólico,ác.",,,,mg,30,unidades,Cápsulas/Softgels,,0, , ,,,Venta Bajo Receta,Importado,No controlado, ,NO CONTROLADO,MENOR,50% de descuento,2,00030,7792796389461,001,00028,00426,00002,undefined,00005,00002,104871000221106,07792796389461,4258521,Antianémico,oral,22184,25709,hierro,hierro
YECTAFER TABS,40/0.5 mg comp.rec.x 40,Rontag,0,1,01/05/2026,35689,"hierro+fólico,ác.",,,,mg,40,unidades,Comprimidos/Pastillas/Tabletas/Grageas,,0, , ,,,Venta Bajo Receta,Nacional,No controlado, ,NO CONTROLADO,GRANDE (DE 2 PRES.),50% de descuento,2,00200,7798239770193,003,00028,00426,00054,undefined,00005,00002,240251000221104,07798239770193,5971682,Antianémico,oral,47220,31246,hierro,hierro
HIERROQUICK 40,comp.rec.x 40,Megalabs Argentina,0,1,04/05/2026,39381,"hierro+fólico,ác.",,,,mg,40,unidades,Comprimidos/Pastillas/Tabletas/Grageas,,0, , ,,,Venta Bajo Receta,Nacional,No controlado, ,NO CONTROLADO,GRANDE (DE 2 PRES.),50% de descuento,2,00193,7791763001214,003,00028,00426,00054,undefined,00005,00002,240431000221107,07791763001214,3813932,Antianémico,oral,15047,21881,hierro,hierro
YECTAFER TABS,80/1 mg comp.rec.x 40,Rontag,0,1,01/05/2026,56463,"hierro+fólico,ác.",,,,mg,40,unidades,Comprimidos/Pastillas/Tabletas/Grageas,,0, , ,,,Venta Bajo Receta,Nacional,No controlado, ,NO CONTROLADO,GRANDE (DE 2 PRES.),50% de descuento,2,00200,7798239770216,003,00028,00426,00054,undefined,00005,00002,240401000221102,07798239770216,5971712,Antianémico,oral,47222,52165,hierro,hierro
HIERROQUICK 80,comp.rec.x 40,Megalabs Argentina,0,1,04/05/2026,62158,"hierro+fólico,ác.",,,,mg,40,unidades,Comprimidos/Pastillas/Tabletas/Grageas,,0, , ,,,Venta Bajo Receta,Nacional,No controlado, ,NO CONTROLADO,GRANDE (DE 2 PRES.),50% de descuento,2,00193,7791763001276,003,00028,00426,00054,undefined,00005,00002,240431000221107,07791763001276,3814002,Antianémico,oral,15049,41304,hierro,hierro
HEMOFER FOLIC,comp.x 50,Lafedar,0,1,18/04/2026,49271,"hierro+fólico,ác.",,,,mg,50,unidades,Comprimidos/Pastillas/Tabletas/Grageas,,0, , ,,,Venta Bajo Receta,Nacional,No controlado, ,NO CONTROLADO,GRANDE (DE 2 PRES.),50% de descuento,2,00397,7798021297242,003,00028,00426,00054,undefined,00005,00002,243241000221108,07798021297242,5699685,Antianémico,oral,41342,14236,hierro,hierro
FERROGALFOL,cáps.x 60,Sant Gall,0,1,19/03/2026,38708,"hierro+fólico,ác.",,,,No Clasificada,60,unidades,Cápsulas/Softgels,,0, , ,,,Venta Bajo Receta,Nacional,No controlado, ,NO CONTROLADO,MENOR,Sin informacion (Sin descuento),0,00213,7798052710734,001,00028,00426,00002,undefined,00005,00002,207851000221108,07798052710734,5491682,Antianémico,oral,42779,0,hierro,hierro
SULFATO FERROSO RICHET,525 mg comp.x 60,Richet,0,1,18/03/2026,41338,"hierro+fólico,ác.",,,,mg,60,unidades,Comprimidos/Pastillas/Tabletas/Grageas,,0, , ,,,Venta Bajo Receta,Nacional,No controlado, ,NO CONTROLADO,GRANDE (DE 2 PRES.),50% de descuento,2,00196,7795336075121,003,00028,00426,00054,undefined,00005,00002,98801000221102,07795336075121,4070822,Antianémico,oral,22438,40722,hierro,hierro
FERRETAB COMPUESTO,cáps.x 60,Biol,0,1,28/04/2026,62800,"hierro+fólico,ác.",,,,mg,60,unidades,Cápsulas/Softgels,,0, , ,,,Venta Bajo Receta,Importado,No controlado, ,NO CONTROLADO,GRANDE (DE 2 PRES.),50% de descuento,2,00030,7792796389478,003,00028,00426,00002,undefined,00005,00002,112161000221101,07792796389478,4258522,Antianémico,oral,22185,43920,hierro,hierro
YECTAFER COMPLEX,a.x 5,Rontag,0,1,01/05/2026,69050,"hierro+fólico,ác.+asoc.",,,,No Clasificada,5,unidades de 2 ml,Ampollas/Frascos-Ampolla/Liofilizados/Soluc.Parent,,0, , ,,,Venta Bajo Receta,Nacional,No controlado, ,NO CONTROLADO,MENOR,50% de descuento,2,00200,7798006871726,001,00028,10314,00003,undefined,00012,00003,317781000221103,07798239770643,1705983,Antianémico,inyectable IM,32856,66909,hierro,hierro
YECTAFER COMPLEX,a.x 10,Rontag,0,1,01/05/2026,138101,"hierro+fólico,ác.+asoc.",,,,No Clasificada,10,unidades de 2 ml,Ampollas/Frascos-Ampolla/Liofilizados/Soluc.Parent,,0, , ,,,Venta Bajo Receta,Nacional,No controlado, ,NO CONTROLADO,GRANDE (DE 2 PRES.),50% de descuento,2,00200,7798006871733,003,00028,10314,00003,undefined,00012,00003,317771000221101,07798239770650,1705982,Antianémico,inyectable IM,787,133819,hierro,hierro
HIERRO QUELATO VW,cáps.x 30,Pharmamerican S.R.L.,0,1,28/03/2026,21950,"hierro+fólico,ác.+asoc.",,,,No Clasificada,30,unidades,Cápsulas/Softgels,,0, , ,,,Venta Libre,Nacional,No controlado, ,NO CONTROLADO,MENOR,Sin informacion (Sin descuento),0,00719,7798008297227,001,00346,10314,00002,undefined,00005,00002, ,7798008297227, ,Suplemento dietario,oral,63794,0,hierro,hierro
VITALIX COMPLEX,comp.x 30,Roemmers,0,1,26/03/2026,35261,"hierro+fólico,ác.+asoc.",,,,mg,30,unidades,Comprimidos/Pastillas/Tabletas/Grageas,,0, , ,,,Venta Bajo Receta,Nacional,No controlado, ,NO CONTROLADO,MENOR,50% de descuento,2,00203,7795345013893,001,00028,10314,00054,undefined,00005,00002,239591000221101,07795345013893,5522263,Antianémico,oral,38900,17138,hierro,hierro
FOLFIRIMOX,comp.x 30,Géminis Farmacéutica,0,1,22/04/2026,22529,"hierro+vit.b12+fólico,ác.",,,,mg,30,unidades,Comprimidos/Pastillas/Tabletas/Grageas,,0, , ,,,Venta Bajo Receta,Nacional,No controlado, ,NO CONTROLADO,MENOR,50% de descuento,2,00597,7798113703200,001,00028,10429,00054,undefined,00005,00002,323711000221107,07798113703200,5993421,Antianémico,oral,56403,20893,hierro,hierro
REXFOL,comp.x 30,Casasco,0,1,27/04/2026,28908,"hierro+vit.b12+fólico,ác.",,,,mg,30,unidades,Comprimidos/Pastillas/Tabletas/Grageas,,0, , ,,,Venta Bajo Receta,Nacional,No controlado, ,NO CONTROLADO,MENOR,50% de descuento,2,00045,7791909230010,001,00028,10429,00054,undefined,00005,00002,239661000221107,07791909230010,5831262,Antianémico,oral,51777,28908,hierro,hierro
ACIFOL FE,comp.x 30,Domínguez,0,1,16/04/2026,30198,"hierro+vit.b12+fólico,ác.",,,,mg,30,unidades,Comprimidos/Pastillas/Tabletas/Grageas,,0, , ,,,Venta Bajo Receta,Nacional,No controlado, ,NO CONTROLADO,MENOR,50% de descuento,2,00067,7795327064684,001,00028,10429,00054,undefined,00005,00002,239601000221106,07795327064684,6400971,Antianémico,oral,53540,29541,hierro,hierro
SIDERBLUT COMPLEX,comp.x 30,Siegfried,0,1,23/04/2026,30527,"hierro+vit.b12+fólico,ác.",,,,mg,30,unidades,Comprimidos/Pastillas/Tabletas/Grageas,,0, , ,,,Venta Bajo Receta,Nacional,No controlado, ,NO CONTROLADO,MENOR,50% de descuento,2,00903,7795380004238,001,00028,10429,00054,undefined,00005,00002,239621000221104,07798129414909,5360713,Antianémico,oral,39973,19042,hierro,hierro
HEMOVIT,comp.rec.x 30,Baliarda,0,1,27/04/2026,31326,"hierro+vit.b12+fólico,ác.",,,,mg,30,unidades,Comprimidos/Pastillas/Tabletas/Grageas,,0, , ,,,Venta Bajo Receta,Nacional,No controlado, ,NO CONTROLADO,MENOR,50% de descuento,2,00023,7795338019901,001,00028,10429,00054,undefined,00005,00002,226391000221103,07795338019901,5705713,Antianémico,oral,52315,27997,hierro,hierro
FOLFIRIMOX,comp.x 60,Géminis Farmacéutica,0,1,22/04/2026,46591,"hierro+vit.b12+fólico,ác.",,,,mg,60,unidades,Comprimidos/Pastillas/Tabletas/Grageas,,0, , ,,,Venta Bajo Receta,Nacional,No controlado, ,NO CONTROLADO,GRANDE (DE 2 PRES.),50% de descuento,2,00597,7798113703309,003,00028,10429,00054,undefined,00005,00002,323721000221102,07798113703309,5993422,Antianémico,oral,56404,41786,hierro,hierro
ACIFOL FE,comp.x 60,Domínguez,0,1,16/04/2026,54668,"hierro+vit.b12+fólico,ác.",,,,mg,60,unidades,Comprimidos/Pastillas/Tabletas/Grageas,,0, , ,,,Venta Bajo Receta,Nacional,No controlado, ,NO CONTROLADO,GRANDE (DE 2 PRES.),50% de descuento,2,00067,7795327064691,003,00028,10429,00054,undefined,00005,00002,239611000221109,07795327064691,6400972,Antianémico,oral,53541,53479,hierro,hierro
SIDERBLUT COMPLEX,comp.x 60,Siegfried,0,1,23/04/2026,55123,"hierro+vit.b12+fólico,ác.",,,,mg,60,unidades,Comprimidos/Pastillas/Tabletas/Grageas,,0, , ,,,Venta Bajo Receta,Nacional,No controlado, ,NO CONTROLADO,GRANDE (DE 2 PRES.),50% de descuento,2,00903,7795380004443,003,00028,10429,00054,undefined,00005,00002,239631000221101,07798129414916,5360714,Antianémico,oral,39974,34384,hierro,hierro
HEMOVIT,comp.rec.x 60,Baliarda,0,1,27/04/2026,56398,"hierro+vit.b12+fólico,ác.",,,,mg,60,unidades,Comprimidos/Pastillas/Tabletas/Grageas,,0, , ,,,Venta Bajo Receta,Nacional,No controlado, ,NO CONTROLADO,GRANDE (DE 2 PRES.),50% de descuento,2,00023,7795338019826,003,00028,10429,00054,undefined,00005,00002,226401000221101,07795338019826,5705716,Antianémico,oral,52316,44428,hierro,hierro
FERROMAX,cáps.x 30,Craveri,0,1,16/03/2026,40957,"hierro+vit.b12+fólico,ác.+asoc.",,,,No Clasificada,30,unidades,Cápsulas/Softgels,,0, , ,,,Venta Bajo Receta,Nacional,No controlado, ,NO CONTROLADO,MENOR,Sin informacion (Sin descuento),0,00056,7792234892737,001,00028,00277,00002,undefined,00005,00002, ,7792234892737,6698261,Antianémico,oral,61019,0,hierro,hierro
ANEMIDOX FERRUM,cáps.x 30,Elea,0,1,16/04/2026,40992,"hierro+vit.b12+fólico,ác.+asoc.",,,,No Clasificada,30,unidades,Cápsulas/Softgels,,0, , ,,,Venta Bajo Receta,Nacional,No controlado, ,NO CONTROLADO,MENOR,40% de descuento,7,00498,7796285271848,001,00028,00277,00002,undefined,00005,00002,238031000221103,07796285271848,2457893,Antianémico,oral,47356,0,hierro,hierro
ANEMIDOX ULTRA,cáps.x 30,Elea,0,1,16/04/2026,45004,"hierro+vit.b12+fólico,ác.+asoc.",,,,mg,30,unidades,Cápsulas/Softgels,,0, , ,,,Venta Bajo Receta,Nacional,No controlado, ,NO CONTROLADO,MENOR,40% de descuento,7,00498,7795317005055,001,00028,00277,00002,undefined,00005,00002,238151000221106,07796285270339,5787555,Antianémico,oral,44334,0,hierro,hierro
FERROMAX,cáps.x 60,Craveri,0,1,16/03/2026,79071,"hierro+vit.b12+fólico,ác.+asoc.",,,,No Clasificada,60,unidades,Cápsulas/Softgels,,0, , ,,,Venta Bajo Receta,Nacional,No controlado, ,NO CONTROLADO,GRANDE (DE 2 PRES.),Sin informacion (Sin descuento),0,00056,7792234892744,003,00028,00277,00002,undefined,00005,00002, ,7792234892744,6698262,Antianémico,oral,61020,0,hierro,hierro
ANEMIDOX FERRUM,cáps.x 60,Elea,0,1,16/04/2026,82533,"hierro+vit.b12+fólico,ác.+asoc.",,,,No Clasificada,60,unidades,Cápsulas/Softgels,,0, , ,,,Venta Bajo Receta,Nacional,No controlado, ,NO CONTROLADO,GRANDE (DE 2 PRES.),40% de descuento,7,00498,7796285271855,003,00028,00277,00002,undefined,00005,00002,238041000221105,07796285271855,2457894,Antianémico,oral,47357,0,hierro,hierro
ANEMIDOX ULTRA,cáps.x 60,Elea,0,1,16/04/2026,87381,"hierro+vit.b12+fólico,ác.+asoc.",,,,mg,60,unidades,Cápsulas/Softgels,,0, , ,,,Venta Bajo Receta,Nacional,No controlado, ,NO CONTROLADO,GRANDE (DE 2 PRES.),40% de descuento,7,00498,7795317005062,003,00028,00277,00002,undefined,00005,00002,238141000221109,07796285270346,5787556,Antianémico,oral,44335,0,hierro,hierro
TOTALFER,cáps.x 30,Ariston,0,1,30/04/2026,91278,hierro+vitaminas,,,,No Clasificada,30,unidades,Cápsulas/Softgels,,0, , ,,,Venta Libre,Importado,No controlado, ,NO CONTROLADO,MENOR,Sin informacion (Sin descuento),0,00013,8033011160106,001,00346,01023,00002,undefined,00005,00002, ,8033011160106, ,Suplemento dietario,oral,60547,0,hierro,hierro
HEMOFER 330,330 mg comp.x 30,Lafedar,0,1,18/04/2026,25672,"hierro,fumarato",,,,mg,30,unidades,Comprimidos/Pastillas/Tabletas/Grageas,,0, , ,,,Venta Bajo Receta,Nacional,No controlado, ,NO CONTROLADO,MENOR,Sin informacion (Sin descuento),0,00397,7798021290137,001,00028,00715,00054,undefined,00005,00002,112691000221103,07798021290137,4593721,Antianémico,oral,46769,0,hierro,hierro
SIDERBLUT GOTAS,gts.x 20 ml,Siegfried,0,1,23/04/2026,9990,"hierro,polimaltosato",,,,mg/ml,1,unidades de 20 ml,Gotas orales,,0, , ,,,Venta Bajo Receta,Nacional,No controlado, ,NO CONTROLADO,MENOR,50% de descuento,2,00903,7795380004160,001,00028,07647,00016,undefined,00019,00002,306711000221108,07798129414794,5497682,Antianémico,oral,38965,9309,hierro,hierro
VITALIX,gts.x 20 ml,Roemmers,0,1,26/03/2026,12574,"hierro,polimaltosato",,,,mg/ml,1,unidades de 20 ml,Gotas orales,,0, , ,,,Venta Bajo Receta,Nacional,No controlado, ,NO CONTROLADO,MENOR,50% de descuento,2,00203,7795345012544,001,00028,07647,00016,undefined,00019,00002,316931000221100,07795345012544,5186992,Antianémico,oral,34282,8378,hierro,hierro
FERIVE,iny.IM a.x 5,Domínguez,0,1,16/04/2026,42820,"hierro,polimaltosato",,,,mg,5,unidades,Ampollas/Frascos-Ampolla/Liofilizados/Soluc.Parent,,0, , ,,,Venta Bajo Receta,Nacional,No controlado, ,NO CONTROLADO,MENOR,Sin informacion (Sin descuento),0,00067,7795327068835,001,00028,07647,00003,undefined,00005,00003, ,7795327068835,6776261,Antianémico,inyectable IM,63597,0,hierro,hierro
SIDERBLUT IM,iny.IM a.x 5 x 2 ml,Siegfried,0,1,23/04/2026,44270,"hierro,polimaltosato",,,,mg/ml,5,unidades de 2 ml,Ampollas/Frascos-Ampolla/Liofilizados/Soluc.Parent,,0, , ,,,Venta Bajo Receta,Nacional,No controlado, ,NO CONTROLADO,MENOR,Sin informacion (Sin descuento),0,00903,7795380002227,001,00028,07647,00003,undefined,00012,00003,306721000221103,07798129416170,5565713,Antianémico,inyectable IM,52172,0,hierro,hierro
FERIVE,iny.IM a.x 10,Domínguez,0,1,16/04/2026,73511,"hierro,polimaltosato",,,,mg,10,unidades,Ampollas/Frascos-Ampolla/Liofilizados/Soluc.Parent,,0, , ,,,Venta Bajo Receta,Nacional,No controlado, ,NO CONTROLADO,GRANDE (DE 2 PRES.),Sin informacion (Sin descuento),0,00067,7795327068842,003,00028,07647,00003,undefined,00005,00003, ,7795327068842,6776262,Antianémico,inyectable IM,63598,0,hierro,hierro
SIDERBLUT POLI,comp.x 30,Siegfried,0,1,23/04/2026,14271,"hierro,polimaltosato",,,,mg,30,unidades,Comprimidos/Pastillas/Tabletas/Grageas,,0, , ,,,Venta Bajo Receta,Nacional,No controlado, ,NO CONTROLADO,MENOR,50% de descuento,2,00903,7795380004450,001,00028,07647,00054,undefined,00005,00002,144081000221109,07798129416187,5615685,Antianémico,oral,43810,12573,hierro,hierro
FERRANIN,comp.rec.x 30,Temis-Lostaló,0,1,29/04/2026,17314,"hierro,polimaltosato",,,,mg,30,unidades,Comprimidos/Pastillas/Tabletas/Grageas,,0, , ,,,Venta Bajo Receta,Nacional,No controlado, ,NO CONTROLADO,MENOR,50% de descuento,2,00229,7795337901450,001,00028,07647,00054,undefined,00005,00002,249431000221100,07795337901450,3790415,Antianémico,oral,37828,2878,hierro,hierro
VITALIX,100 mg comp.rec.x 30,Roemmers,0,1,26/03/2026,17514,"hierro,polimaltosato",,,,mg,30,unidades,Comprimidos/Pastillas/Tabletas/Grageas,,0, , ,,,Venta Bajo Receta,Nacional,No controlado, ,NO CONTROLADO,MENOR,50% de descuento,2,00203,7795345013602,001,00028,07647,00054,undefined,00005,00002,164131000221103,07795345013602,5389264,Antianémico,oral,38324,6889,hierro,hierro
SIDERBLUT POLI,comp.x 60,Siegfried,0,1,23/04/2026,25689,"hierro,polimaltosato",,,,mg,60,unidades,Comprimidos/Pastillas/Tabletas/Grageas,,0, , ,,,Venta Bajo Receta,Nacional,No controlado, ,NO CONTROLADO,GRANDE (DE 2 PRES.),50% de descuento,2,00903,7795380004467,003,00028,07647,00054,undefined,00005,00002,144091000221107,07798129416194,5615687,Antianémico,oral,43811,22633,hierro,hierro
IRONCAS,sol.iny.x 1 x 5 ml,Cassará,0,1,20/04/2026,41870,"hierro,sacarato",,,,mg/ml,1,unidades de 5 ml,Ampollas/Frascos-Ampolla/Liofilizados/Soluc.Parent,,0, , ,,,Venta Bajo Receta,Nacional,No controlado, ,NO CONTROLADO,MENOR,Sin informacion (Sin descuento),0,00046,7795373015104,001,00028,10523,00003,undefined,00014,00004,286291000221104,07795373015104,5973131,Antianémico,inyectable IV,47232,0,hierro,hierro
FERIVE,100 mg a.x 5,Domínguez,0,1,16/04/2026,91940,"hierro,sacarato",,,,mg/ml,5,unidades de 5 ml,Ampollas/Frascos-Ampolla/Liofilizados/Soluc.Parent,,0, , ,,,Venta Bajo Receta,Nacional,No controlado, ,NO CONTROLADO,MENOR,50% de descuento,2,00067,7795327091338,001,00028,10523,00003,undefined,00014,00003,278001000221105,07795327091338,5639001,Antianémico,inyectable IM,41686,50921,hierro,hierro
SUCROX I.V. COMPLEX,100 mg/5 ml iny.a.x 5,Biocontrol,0,1,30/03/2026,95886,"hierro,sacarato",,,,mg/ml,5,unidades de 5 ml,Ampollas/Frascos-Ampolla/Liofilizados/Soluc.Parent,,0, , ,,,Venta Bajo Receta,Nacional,No controlado, ,NO CONTROLADO,MENOR,Sin informacion (Sin descuento),0,00378,7798074990046,001,00028,10523,00003,undefined,00014,00004,449691000221102,07798074990046,513550,Antianémico,inyectable IV,38036,0,hierro,hierro
ENERGAVIT,100 mg/5 ml iny.a.x 50,Gemabiotech,0,1,08/05/2026,1970316,"hierro,sacarosa",,,,mg/ml,50,unidades de 5 ml,Ampollas/Frascos-Ampolla/Liofilizados/Soluc.Parent,,0, , ,,,Venta Bajo Receta,Nacional,No controlado, ,NO CONTROLADO,HOSPITALARIO,Sin informacion (Sin descuento),0,00813,7798163500354,011,00028,10173,00003,undefined,00014,00004,275341000221101,07798163500354,5343552,Antianémico,inyectable IV,39067,0,hierro,hierro
FER IN SOL,jbe.x 120 ml,Siegfried,0,1,23/04/2026,3088,"hierro,sulfato",,,,mg/5 ml,1,unidades de 120 ml,Jarabe/Suspensión oral/Polvo para uso oral,,0, , ,,,Venta Bajo Receta,Nacional,No controlado, ,NO CONTROLADO,MENOR,50% de descuento,2,00903,7795305045568,001,00028,04118,00010,undefined,00043,00002, ,7795305045568,3563881,Antianémico,oral,13853,3088,hierro,hierro
FACTOFER GOTAS,gts.x 20 ml,Megalabs Argentina,1,1,02/03/2026,4930,"hierro,sulfato",,,,mg/ml,1,unidades de 20 ml,Gotas orales,,0, , ,,,Venta Bajo Receta,Nacional,No controlado, ,NO CONTROLADO,MENOR,50% de descuento,2,00193,7791763004000,001,00028,04118,00016,undefined,00019,00002,276771000221104,07791763004000,4079251,Antianémico,oral,17495,4930,hierro,hierro
HEMOFER,jbe.x 120 ml,Lafedar,0,1,18/04/2026,7996,"hierro,sulfato",,,,mg/5 ml,1,unidades de 120 ml,Jarabe/Suspensión oral/Polvo para uso oral,,0, , ,,,Venta Bajo Receta,Nacional,No controlado, ,NO CONTROLADO,MENOR,50% de descuento,2,00397,7798021297136,001,00028,04118,00010,undefined,00043,00002,282571000221103,07798021297136,4593802,Antianémico,oral,24127,4786,hierro,hierro
SULFATO FERROSO SANT GALL FRIBURG,gts.x 20 ml,Sant Gall,0,1,19/03/2026,8669,"hierro,sulfato",,,,mg/ml,1,unidades de 20 ml,Gotas orales,,0, , ,,,Venta Bajo Receta,Nacional,No controlado, ,NO CONTROLADO,MENOR,Sin informacion (Sin descuento),0,00213,7798052710130,001,00028,04118,00016,undefined,00019,00002,311231000221101,07798052710130,5182441,Antianémico,oral,33300,0,hierro,hierro
FEKLON,gts.x 20 ml,Klonal,0,1,09/04/2026,8941,"hierro,sulfato",,,,mg/ml,1,unidades de 20 ml,Gotas orales,,0, , ,,,Venta Bajo Receta,Nacional,No controlado, ,NO CONTROLADO,MENOR,Sin informacion (Sin descuento),0,00064,7795360003954,001,00028,04118,00016,undefined,00019,00002,277621000221107,07795360003954,5423551,Antianémico,oral,37115,0,hierro,hierro
HEMOFER,gts.x 20 ml,Lafedar,0,1,18/04/2026,9361,"hierro,sulfato",,,,g %,1,unidades de 20 ml,Gotas orales,,0, , ,,,Venta Bajo Receta,Nacional,No controlado, ,NO CONTROLADO,MENOR,50% de descuento,2,00397,7798021290380,001,00028,04118,00016,undefined,00019,00002,282561000221107,7798021290380,459356,Antianémico,oral,44115,8538,hierro,hierro
HIERRO FABRA,gts.x 20 ml,Fabra,0,1,30/04/2026,11773,"hierro,sulfato",,,,mg/ml,1,unidades de 20 ml,Gotas orales,,0, , ,,,Venta Bajo Receta,Nacional,No controlado, ,NO CONTROLADO,MENOR,50% de descuento,2,00087,7795332001018,001,00028,04118,00016,undefined,00019,00002,283391000221103,07795332001018,4134191,Antianémico,oral,19834,11386,hierro,hierro
FER IN SOL,sol.x 20 ml,Siegfried,0,1,23/04/2026,12328,"hierro,sulfato",,,,mg/ml,1,unidades de 20 ml,Gotas orales,,0, , ,,,Venta Bajo Receta,Nacional,No controlado, ,NO CONTROLADO,MENOR,50% de descuento,2,00903,7795380001329,001,00028,04118,00016,undefined,00019,00002,277991000221103,07798129416552,650382,Antianémico,oral,10640,10529,hierro,hierro
HIERRO FABRA,comp.x 20,Fabra,0,1,30/04/2026,10901,"hierro,sulfato",,,,mg,20,unidades,Comprimidos/Pastillas/Tabletas/Grageas,,0, , ,,,Venta Bajo Receta,Nacional,No controlado, ,NO CONTROLADO,MENOR,50% de descuento,2,00087,7795332000493,001,00028,04118,00054,undefined,00005,00002,245691000221101,07795332000493,4133942,Antianémico,oral,50934,10543,hierro,hierro
HEMOFER 200,200 mg comp.x 20,Lafedar,0,1,18/04/2026,13028,"hierro,sulfato",,,,mg,20,unidades,Comprimidos/Pastillas/Tabletas/Grageas,,0, , ,,,Venta Bajo Receta,Nacional,No controlado, ,NO CONTROLADO,MENOR,Sin informacion (Sin descuento),0,00397,7798021297013,001,00028,04118,00054,undefined,00005,00002,191651000221100,07798021297013,5591551,Antianémico,oral,39934,0,hierro,hierro
SIDERBLUT,comp.x 30,Siegfried,0,1,23/04/2026,16593,"hierro,sulfato",,,,mg,30,unidades,Comprimidos/Pastillas/Tabletas/Grageas,,0, , ,,,Venta Bajo Receta,Nacional,No controlado, ,NO CONTROLADO,MENOR,50% de descuento,2,00903,7795345013237,001,00028,04118,00054,undefined,00005,00002,245641000221107,07795345013237,2052041,Antianémico,oral,2583,15588,hierro,hierro
HIERRO FABRA,comp.x 30,Fabra,0,1,30/04/2026,16713,"hierro,sulfato",,,,mg,30,unidades,Comprimidos/Pastillas/Tabletas/Grageas,,0, , ,,,Venta Bajo Receta,Nacional,No controlado, ,NO CONTROLADO,GRANDE (DE 2 PRES.),50% de descuento,2,00087,7795332009670,003,00028,04118,00054,undefined,00005,00002,245701000221101,07795332009670,4133943,Antianémico,oral,49759,16163,hierro,hierro
FERROGAL,200 mg comp.x 30,Sant Gall,0,1,19/03/2026,16980,"hierro,sulfato",,,,mg,30,unidades,Comprimidos/Pastillas/Tabletas/Grageas,,0, , ,,,Venta Bajo Receta,Nacional,No controlado, ,NO CONTROLADO,MENOR,Sin informacion (Sin descuento),0,00213,7798052712158,001,00028,04118,00054,undefined,00005,00002,219531000221109,07798052712158,6442133,Antianémico,oral,53771,0,hierro,hierro
HEMOFER 200,200 mg comp.x 40,Lafedar,0,1,18/04/2026,19645,"hierro,sulfato",,,,mg,40,unidades,Comprimidos/Pastillas/Tabletas/Grageas,,0, , ,,,Venta Bajo Receta,Nacional,No controlado, ,NO CONTROLADO,GRANDE (DE 2 PRES.),Sin informacion (Sin descuento),0,00397,7798021297020,003,00028,04118,00054,undefined,00005,00002,191661000221103,07798021297020,5591552,Antianémico,oral,39935,0,hierro,hierro
SIDERBLUT,comp.x 60,Siegfried,0,1,23/04/2026,31210,"hierro,sulfato",,,,mg,60,unidades,Comprimidos/Pastillas/Tabletas/Grageas,,0, , ,,,Venta Bajo Receta,Nacional,No controlado, ,NO CONTROLADO,GRANDE (DE 2 PRES.),50% de descuento,2,00903,7795345013244,003,00028,04118,00054,undefined,00005,00002,245651000221109,07795345013244,2052042,Antianémico,oral,20149,28065,hierro,hierro
FACTOFER B12,comp.rec.x 20,Megalabs Argentina,1,1,02/03/2026,5404,"hierro,sulfato+asoc.",,,,No Clasificada,20,unidades,Comprimidos/Pastillas/Tabletas/Grageas,,0, , ,,,Venta Bajo Receta,Nacional,No controlado, ,NO CONTROLADO,MENOR,50% de descuento,2,00193,7791763000408,001,00028,00083,00054,undefined,00005,00002,239041000221103,07791763000408,869931,Antianémico,oral,6976,5404,hierro,hierro
FACTOFER B12,comp.rec.x 50,Megalabs Argentina,1,1,02/03/2026,5921,"hierro,sulfato+asoc.",,,,No Clasificada,50,unidades,Comprimidos/Pastillas/Tabletas/Grageas,,0, , ,,,Venta Bajo Receta,Nacional,No controlado, ,NO CONTROLADO,GRANDE (DE 2 PRES.),50% de descuento,2,00193,7791763000422,003,00028,00083,00054,undefined,00005,00002,239051000221101,07791763000422,869932,Antianémico,oral,6977,5921,hierro,hierro
FOTOSOL PLANO 50+,prot. sol. cr.x 30 g,Cassará,0,1,20/04/2026,24240,"zinc,óx.+ti.óx.+hierro,óx.-filtros minerales",,,,No Clasificada,1,unidades de 30 g,Cremas/Geles/Pomadas/Ungüentos,,0, , ,,,Venta Libre,Nacional,No controlado, ,NO CONTROLADO,MENOR,Sin informacion (Sin descuento),0,00046,7795373003279,001,00253,11675,00004,undefined,00044,00009, ,7795373003279, ,Protector solar,uso externo,61040,0,hierro,hierro
FOTOSOL PLANO,cr.x 30 g,Cassará,0,1,20/04/2026,21790,"zinc,óxido+hierro,óxidos-filtros minerales",,,,No Clasificada,1,unidades de 30 g,Cremas/Geles/Pomadas/Ungüentos,,0, , ,,,Venta Libre,Nacional,No controlado, ,NO CONTROLADO,MENOR,Sin informacion (Sin descuento),0,00046,7795373003217,001,00253,11630,00004,undefined,00044,00009, ,7795373003217, ,Protector solar,uso externo,60261,0,hierro,hierro
